uid_1,uid_2,name1,name2,sound_dist,name_dist,is_psfix,cat,res
a6eef117-e5a9-56f3-891b-2751e66d1678,3bcfc48a-cfdd-56ca-81b3-9c69ae47cfbe,1 Audio Track,01 Dastgah Zabul Segah,0.0007509142182593076,0.5868298368298368,0,below_st--below_nt--not_psfix,0
4d389231-5445-5b5c-9aaf-7eb89dfac76e,0d041ab6-13ea-55ca-907e-84e31ee7d948,17 Audio Track,17 Track 17,0.0025471210975167784,0.2035353535353536,0,below_st--below_nt--not_psfix,0
22905b3f-e68b-5338-b918-6cb67d768366,95dff593-a8ae-5a23-9202-bd26f30c8204,"13-12 Taqsîm, Mesuré",09 Suite,0.14245294595194594,0.4962121212121212,0,below_st--below_nt--not_psfix,0
890b1add-9726-51d4-8f9e-1aa0be5f8657,af15ce38-fd20-5190-8a23-4cccd70498ad,"7 'Ayyaratnî al-shayb:La Blancheur De Mes Cheveux Suivi De Ahibbek Yâ Ghâlî :Je T'aime, Ô Mon Cher","07 'Ayyaratnî al-shayb_La Blancheur De Mes Cheveux Suivi De Ahibbek Yâ Ghâlî _Je T'aime, Ô Mon Cher",0.03380345396550912,0.016087876524769732,0,below_st--below_nt--not_psfix,0
c4a41092-749f-5bcd-9e6e-786b7d62cdf9,e04a0132-1c9e-560e-8a9f-cf107b7c955d,05 Wabiruhi Min Al-Ghid,06 Sama'i Nahawand,0.010938990121054364,0.4442431561996779,0,below_st--below_nt--not_psfix,0
9719d5ec-8f5e-5fa2-99fa-1a9682e2b8fa,3b74726b-0062-52dc-af23-6f9ce08b5e33,15 Audio Track,15 خـــذ ماتبي,0.0001504751809945375,0.4761904761904762,0,below_st--below_nt--not_psfix,0
8b00f14d-77dc-5709-914a-23e9774375a2,7fac4c8a-8891-5336-95ea-31dc26e92058,01 Ya Habibi Dawabni al-Hawa,1 Audio Track,0.0024608789164312144,0.5456043956043957,0,below_st--below_nt--not_psfix,0
085eef56-f7b1-5731-b73c-f143fd2d740b,c2cf74a3-3162-5238-a8fd-827e3409b91d,13 Track 13,13 Audio Track,0.0048650238733530405,0.2035353535353536,0,below_st--below_nt--not_psfix,0
0d89f907-b473-50dd-89af-ae9db6a47e77,addef2b2-6de8-5548-81e2-ea2cb2c4acd2,11 Alawah,11 Audio Track,0.0022538147005697357,0.3624338624338624,0,below_st--below_nt--not_psfix,0
1b38f556-d27e-529b-9d5f-97b1e1fe1a16,7f9fa08c-03e4-5ed4-aed0-de8fe70531d6,T55AdiComp3Voc105bpm.R,T55AdiComp3Voc105bpm.L,0.0,0.018181818181818188,0,below_st--below_nt--not_psfix,0
1b38f556-d27e-529b-9d5f-97b1e1fe1a16,ea78197d-c508-5fd6-a5a9-989c303c3401,T55AdiComp3Voc105bpm.R,T55AdiComp3Voc105bpm_stereo,0.0,0.07003367003367,0,below_st--below_nt--not_psfix,0
fae64521-c7df-592e-b2fc-a4e4eb9061b0,59bd19ca-c45c-57f4-bfe2-17c556e6546f,T78MisraComp1Mri160bpm_stereo,T78MisraComp1Mri160bpm_1.R,0.2568831114905292,0.06445623342175066,0,below_st--below_nt--not_psfix,0
7107e5ee-9f2d-58c9-a9bd-24d82d62bea1,ae92b525-6c33-5f80-9fed-6b314246504c,2 Audio Track,02 Al-Mahaba,0.0005138950842041323,0.45299145299145294,0,below_st--below_nt--not_psfix,0
0e51c14a-6c6d-54e0-b695-85203f5d4607,93e6d654-38d1-5e60-bc5f-1d8fab1f8c1e,8 Audio Track,08 Track 08,0.003794410166491811,0.34411421911421913,0,below_st--below_nt--not_psfix,0
ce988ee9-d2b4-5c03-bf0d-83e30236d25c,cf3f5de2-7794-52f1-90b6-a45b183d4bc0,1 Audio Track,01 ماعتدهم ذمه,0.000364398444643837,0.5183150183150182,0,below_st--below_nt--not_psfix,0
9068c451-9b8b-54f6-9607-77365226edb7,07bd1cf1-ae1b-5eff-b903-e454595a65ee,T94MisraComp2Kan160bpm_stereo,T94MisraComp2Kan160bpm.L,0.0,0.06494252873563222,0,below_st--below_nt--not_psfix,0
7d749bf4-e873-5125-8ab7-7693f6294864,d3df86df-0326-5f7a-be5e-3e1735faa8bc,T126AdiComp5Mri70bpm_stereo,T126AdiComp5Mri70bpm.L,0.17065585511576764,0.07003367003367,0,below_st--below_nt--not_psfix,0
2cb8faaa-3872-5928-a17b-a72158f47250,225a4b66-38af-5120-b99a-df3282357072,5 Audio Track,05 Sallem Alayha,0.002115407856974515,0.5641025641025641,0,below_st--below_nt--not_psfix,0
4a48b6c7-4841-52c1-9b1f-40e7fd0c63a7,75f1234b-092c-5dd5-b393-61d792f012f6,01 Gased,1 Audio Track,0.0011602952164288134,0.4647435897435898,0,below_st--below_nt--not_psfix,0
c196a923-9c04-5e10-a635-ee5ebacb8540,c16329b8-0c63-52b1-b0bc-6c7e568ec820,6 El Hal Romancy,02 Marrait,0.23461124020953725,0.5041666666666667,0,below_st--below_nt--not_psfix,0
58fa70b8-d65c-5f60-ad8b-7d5eaccd14ab,a9d5e96f-a658-53e7-a018-23bf930a31bf,NewBhaloNo20_orig_A_Corrected,New Bhalo No20_Side A,0.23666405445331284,0.1547216587784539,0,below_st--below_nt--not_psfix,0
be33c251-7105-56c5-a3f8-da5c81203626,403c2fd9-a012-5648-8e5b-8ef3e6d9a65d,3. Track 3_Side_A_Corrected,3. Track 3_Side A,0.0009836076880331763,0.0932461873638344,0,below_st--below_nt--not_psfix,0
6748d353-5df8-53ef-93d2-e394ef1a892e,1e43bf66-4f96-57e4-bc80-c9250fcd3d7c,1-17 Gazelle Du Désert - Il Se Leva Et Fit Circules Les Coupes,"13-15 Taqsîm, Qânûn",0.01902474890446512,0.5567580567580568,0,below_st--below_nt--not_psfix,0
8886ff42-fc88-543c-9979-00379df3d92f,c56d0e49-dd20-559a-8e6b-71979ffe8fbf,3-07 L'origine De L'amour Est Un Regard,"3-12 Âme, Reprends Confiance En Ton Étoile",0.2662920353187285,0.4335242052633358,0,below_st--below_nt--not_psfix,0
317c20ac-0990-51ff-8ed6-bf427ee55a48,ba75d19a-3b65-5026-b8cf-4202f9a201e6,09 Inte Wana,9 Audio Track,0.004489747971020421,0.45299145299145294,0,below_st--below_nt--not_psfix,0
83dfc5f4-5e4a-5fb4-91ab-870db4d0c9d4,933291da-b4bb-5b1b-9b73-d3f9c2e3441e,"7 Dor  Yalli Tichki""""",07 Dor _ Yalli Tichki_,0.0008342034065991966,0.07720057720057716,0,below_st--below_nt--not_psfix,0
ccba84da-fadc-5ec7-903b-c416f9d955bf,2f64e543-0747-5cfe-a986-785e753ac1ae,14 Audio Track,14 Track 14,0.005376639537486632,0.2035353535353536,0,below_st--below_nt--not_psfix,0
4030ba95-2cd5-5ab5-8bd8-062ecd1953a7,b88ab42e-6bbd-5a1a-bbe4-61a47d66b5ec,4 Audio Track,04 تسلم عيونك,0.001164532797272691,0.5128205128205128,0,below_st--below_nt--not_psfix,0
1a3f25ca-8dc8-5041-85a3-c04bbe253102,3269adfa-ae1a-5df8-9540-3c705ed4d1a0,17 Dastgah-e Nava - Hoseyn,19 Dastgah-e Mahur - Zir-afkand,0.21989075777652534,0.2514474772539289,0,below_st--below_nt--not_psfix,0
d94c3caa-481a-5251-bcf4-ed5ff363b3d0,3def7256-7ea8-53e0-a63b-745d90114b94,Cassette 68_Side A_Corrected,Cassette 66_Side A,0.03718104957968865,0.0896825396825397,0,below_st--below_nt--not_psfix,0
a08d61d0-7622-55d7-9623-375739da3937,40ae27fc-99c3-524b-9a64-2a66e6a36224,T113MisraComp3Voc210bpm.R,T113MisraComp3Voc210bpm.L,0.0,0.016000000000000014,0,below_st--below_nt--not_psfix,0
a08d61d0-7622-55d7-9623-375739da3937,9535800e-3a76-5a5c-9fed-4118136858a0,T113MisraComp3Voc210bpm.R,T113MisraComp3Voc210bpm_stereo,0.0,0.06266666666666665,0,below_st--below_nt--not_psfix,0
3273bbb5-2557-5e31-9fd8-0a2def50a50d,7b3faefd-2b8e-5aef-8520-75f7ac14e050,05 Nostalgia De Córdoba,5 Nostalgia de Córdoba. Nostalgia for Cordoba,0.0006666995205116511,0.25472112428634164,0,below_st--below_nt--not_psfix,0
c7dec1a5-01ac-5b41-b032-b08ec6eaad68,065bb5f3-5e6b-5698-8225-38fa1c564d68,2 Al-Andalus Abre Sus Puertas. Al-Andalus Opens Its Gates,02 Al-Andalus Sbre Sus Puertas,0.002486492131338016,0.22157477025898087,0,below_st--below_nt--not_psfix,0
27fa1575-96da-5778-8a22-770bdf61c52b,25e20c80-0f89-5edb-a209-045ae5d9ce8c,06 Track 06,6 Audio Track,0.012115824427819284,0.34411421911421913,0,below_st--below_nt--not_psfix,0
6f6f983b-44e4-5e9c-ac4e-7f2fb711bad5,a030ce96-919d-5948-995c-9cb823543241,18 Audio Track,18 Track 18,0.0017636983730649066,0.2035353535353536,0,below_st--below_nt--not_psfix,0
838eb464-d285-5fc8-842b-0b675ee72e09,f1c9a90d-726b-5870-a624-8222d88e8cc8,7 Audio Track,07 Mayeswa,0.0011664992452242054,0.4897435897435898,0,below_st--below_nt--not_psfix,0
486f0b98-90bc-53d3-a58d-70f319b329a9,13308339-4356-50fe-aadb-8ba9eef85b78,T29AdiComp1Voc70bpm_stereo,T29AdiComp1Voc70bpm.L,0.0,0.07289377289377286,0,below_st--below_nt--not_psfix,0
486f0b98-90bc-53d3-a58d-70f319b329a9,74b5e4ec-31a8-5580-85c9-d5f732e7eac6,T29AdiComp1Voc70bpm_stereo,T29AdiComp1Voc70bpm.R,0.0,0.07289377289377286,0,below_st--below_nt--not_psfix,0
0f25f56c-6dac-5737-b3f8-7c1cfb7d737a,f0e11632-9388-59c1-84fd-435b1469543c,6 Audio Track,06 تعبك راحه,0.0004027397237882596,0.5064102564102564,0,below_st--below_nt--not_psfix,0
accfbfb3-212f-51a7-9e03-11d650ed8966,c2bc0cd1-4328-5138-b21d-7020ae037537,T80MisraComp1Voc125bpm_stereo,T80MisraComp1Voc125bpm.L,0.0,0.06494252873563222,0,below_st--below_nt--not_psfix,0
864ff96e-af5d-59e2-a3a8-c8d35f6445a7,a347731e-3b90-5ecd-8069-bc29ba41049a,01 Track 01,1 Audio Track,0.0014035597870968634,0.34411421911421913,0,below_st--below_nt--not_psfix,0
c64f654f-d452-5464-9c70-f462cca65058,16d9e21e-dd0d-516d-a64e-98246028294e,T135AdiComp5Kan85bpm.R,T135AdiComp5Kan85bpm_stereo,0.0,0.07003367003367,0,below_st--below_nt--not_psfix,0
a1b89bff-c0d4-5af8-8792-9517fc10c239,8c031e59-6a98-5775-adaf-4c96b46f6c6f,10 Ya Ahl El Habayeb,10 Audio Track,0.0005323049190684416,0.4793650793650793,0,below_st--below_nt--not_psfix,0
ed072a43-8658-524d-8985-beac660a141d,3c2b4dee-d611-5880-beff-e220be73b7a6,01 اخ قلبي,1 Audio Track,0.0011266991066754427,0.4897435897435898,0,below_st--below_nt--not_psfix,0
f4b85a0b-d6ea-5170-a73b-79e057de9d47,aefa5414-9217-5718-ae5c-ed2bbb02b714,13 Hab Mn El Sharik Nisnas,13 Audio Track,0.04891467068797226,0.41529304029304026,0,below_st--below_nt--not_psfix,0
5da05d92-0e27-5a40-af62-6cd47b0a04e3,5cdf1c82-0382-532f-8df8-04e6b42f4ffb,T115MisraComp3Kan160bpm_stereo,T115MisraComp3Kan160bpm.R,0.0,0.06266666666666665,0,below_st--below_nt--not_psfix,0
7be2c2b2-960c-5222-927b-420c1850f40a,36544538-5cda-51d1-8edf-6a422987b6df,T92MisraComp2Voc210bpm.L,T92MisraComp2Voc210bpm_stereo,0.0,0.06494252873563222,0,below_st--below_nt--not_psfix,0
8ca789cf-3b91-56ca-a09a-6642eaa0aba3,adae4a8f-1db9-5cb0-b4b3-2ead85503073,15 عيد ميلادك,8 Audio Track,0.2716221435167873,0.5641025641025641,0,below_st--below_nt--not_psfix,0
5883b956-2924-5b0f-8bd8-875fb1bb4e4b,018dfc28-666a-5972-833a-2389de375279,01 Zingibar,03 Ali Tayyibah,0.10773600631925837,0.4348484848484849,0,below_st--below_nt--not_psfix,0
d8a02cc7-f4c9-5423-a64a-428d2c459dc7,202ad5e0-1db3-5be1-821d-be5e4dcee30a,10 Audio Track,10 لاجـــديد,0.006728888094410397,0.5119047619047619,0,below_st--below_nt--not_psfix,0
c6c9b925-17f2-582b-8a94-aed7fdfc0bb0,ca4a7ca3-f5b6-5b7a-a397-f2fd15e6f7be,13 Dastgah-e Crgah - Hesar,11 Dastgah-e Crgah - Muyeh,0.1261631015186702,0.11538461538461542,0,below_st--below_nt--not_psfix,0
526750da-3853-5350-bbb2-58994b93c89a,edf2ecf8-905d-56bc-ad49-ce8602116a64,07 Ya Mal Il Sham,"12 Zawalef Ya Boul Zloof, Aman Ya Galbi Aman",0.02444975047870784,0.4888591800356506,0,below_st--below_nt--not_psfix,0
189f6828-7d0a-531a-9d26-9b04f9010645,55a619b5-1155-5ce9-b5b5-28695bcf1bb8,T37AdiComp2Mri85bpm.L,T37AdiComp2Mri85bpm_stereo,0.2452115261107156,0.07289377289377286,0,below_st--below_nt--not_psfix,0
032128b6-a458-5b70-9f08-12d7362331b4,a5f1d93c-72af-57bc-988f-1801f8c18963,10 Audio Track,10 Qissat Al'oshaq,0.032159730806983325,0.4322089947089948,0,below_st--below_nt--not_psfix,0
7140a0b8-3cc7-524d-921e-e336cdef00b6,9086e4a1-42d9-5c76-9d62-feb79025ad2f,12 Ihtirit Aabar,12 Audio Track,0.03675403168903735,0.4017857142857143,0,below_st--below_nt--not_psfix,0
65783952-027e-5a26-b12d-fa116d163ec6,1ccb4770-aea7-5576-8538-b041dc5feb82,"4 Garib Bâb al-dunya:Elle Est Proche, La Porte Du Bas-Monde Suivi De Dâr Al-Falak dâr:L'astre Tourne","04 Garib Bâb al-dunya_Elle Est Proche, La Porte Du Bas-Monde Suivi De Dâr Al-Falak dâr_L'astre Tourne",0.0025331083506470674,0.016087876524769732,0,below_st--below_nt--not_psfix,0
e577a374-93fa-5165-9621-1a07a36a3351,ed3e1822-5e5f-5260-9fb5-963603c25dee,T74AdiComp4Kan70bpm_stereo,T74AdiComp4Kan70bpm.L,0.0,0.07289377289377286,0,below_st--below_nt--not_psfix,0
72e178a8-dfb8-5f3b-95bb-ed9a22c6415d,b2b32f44-a826-577e-a104-51d67121440d,06 Anasheed al-Shita',6 Audio Track,0.002030072250473778,0.5009157509157509,0,below_st--below_nt--not_psfix,0
81263e5b-1971-5b13-a390-5dbbd220fac7,dc574952-bbf4-5620-a11d-a11de0a1ffd7,02 Track 02,2 Audio Track,7.629990560100407e-05,0.34411421911421913,0,below_st--below_nt--not_psfix,0
64731b45-8c15-5c3b-b9be-99b7b13d2687,103fb74a-5ecd-5957-97df-a87ade972c0c,3 Audio Track,03 Cheftak,0.00225099464293419,0.4307692307692307,0,below_st--below_nt--not_psfix,0
d0fc6838-e8d0-5cd9-ad93-3466fb0912b4,cc149275-154e-5a6d-a492-39e1dd24834f,T41AdiComp2Voc70bpm_stereo,T41AdiComp2Voc70bpm.R,0.0,0.07289377289377286,0,below_st--below_nt--not_psfix,0
d0fc6838-e8d0-5cd9-ad93-3466fb0912b4,65088021-778f-5135-8636-2c1dec7e05a6,T41AdiComp2Voc70bpm_stereo,T41AdiComp2Voc70bpm.L,0.0,0.07289377289377286,0,below_st--below_nt--not_psfix,0
adae4a8f-1db9-5cb0-b4b3-2ead85503073,daa21ba9-6a47-52e9-9de1-67b5ae0399c0,8 Audio Track,08 Base,0.1528455942754292,0.5201465201465201,0,below_st--below_nt--not_psfix,0
e56afb67-5e61-5af9-8fc0-200f025896a9,e1df5792-b9b4-556b-b19f-2c4e0758babb,3. Leo Mtafanya _Side A,3. Leo Mtafanya_Side A_Corrected,0.03817667572416555,0.09846837944664033,0,below_st--below_nt--not_psfix,0
ca87855c-3140-5dce-9ad7-acb3a42b28ef,b42736e2-82b9-5171-aaf2-3cf0af913b8f,4 Audio Track,04 Tango,0.0011910655363231927,0.4807692307692307,0,below_st--below_nt--not_psfix,0
4c476a04-f05d-5726-b415-04c25b24370d,60fa2f91-d314-55df-a2a1-984e05cbe70b,11 Muwashahat,11 Audio Track,0.001336258355122183,0.41941391941391937,0,below_st--below_nt--not_psfix,0
852f32e2-cb14-5c03-8e05-2f27bf3b795b,95615470-774b-5288-8108-82b23f0956b9,12 Audio Track,12 Souleyma,0.0004215240478515625,0.3975468975468976,0,below_st--below_nt--not_psfix,0
c80fdd2f-d611-578f-8bda-e3bc6852031e,8ca7fe0c-f869-5b6b-926d-0c7482dfae80,"2 Mouachah Soubhana Man""""",02 Mouachah _Soubhana Man_,0.0002931365883398152,0.06512820512820516,0,below_st--below_nt--not_psfix,0
43716a86-6e3e-5f44-ac94-3e20c623131c,be14c47a-1a29-55cd-98d9-b7ccf9f31b79,01 Improvisations instumental,02 Tahiyya bikum kullu arden,0.2533968476128162,0.4969896004378763,0,below_st--below_nt--not_psfix,0
3c4f25ff-edc4-56c8-8adf-a7bb90da92d6,e75a5a4a-924f-5071-aa92-7a89a7bb1048,Jaji Wetu Kwakutuma,Banusaada Tuko Uwanjani,0.021739742842243625,0.5079667768454954,0,below_st--below_nt--not_psfix,0
5d340d07-3b73-5285-a446-83462352921f,ec213acb-1938-5e24-9214-0b1e3d517bfc,5 Audio Track,05 Track 05,0.0003571990939550667,0.34411421911421913,0,below_st--below_nt--not_psfix,0
3169dfc1-30a8-5560-9e8c-ce2eb971b348,fb8c891d-e974-50ee-b790-9928675de19c,Cassette 57_Cassette 57_Side A_Corrected,Cassette 57_Side A,0.0254680174157618,0.13777777777777778,0,below_st--below_nt--not_psfix,0
a09c0fd3-0b43-5597-a7e9-b8630e0c4b6f,09fe90a1-151c-5ebd-a7d5-5a5fce815453,3 Audio Track,03 Track 03,0.004396676493598605,0.34411421911421913,0,below_st--below_nt--not_psfix,0
ca1423df-b4dc-504f-b56f-80a9484e1022,637c721a-cdbf-5dcf-abf7-a3479f42ab96,SilverStarNo1_Side A_Corrected,Silver Star No1_Side A,6.946127981044824e-05,0.1498484848484848,0,below_st--below_nt--not_psfix,0
7af2e656-e174-523f-941d-c9d38142b0d5,2ed9c997-016e-5696-8c4e-8355a3d77abe,T130AdiComp5Voc85bpm_stereo,T130AdiComp5Voc85bpm.R,0.0,0.07003367003367,0,below_st--below_nt--not_psfix,0
99e3cac6-0229-54d7-9039-bd8903af421c,e8603c55-1da2-53db-ba41-c77e18e0f8cd,1 Audio Track,01 Min Kitab Al Hob,0.004615077445485568,0.4507422402159245,0,below_st--below_nt--not_psfix,0
25017836-e7cd-5671-a728-4bd57e2ef18b,0223d18e-e3eb-5553-bad1-3cfde90a51cf,T44AdiComp2Kan70bpm.R,T44AdiComp2Kan70bpm.L,0.0,0.01904761904761909,0,below_st--below_nt--not_psfix,0
b66a7c33-c7ab-5040-8d71-a7254be9b224,14d9a483-0cb7-53be-bb09-612dcb835980,T119MisraComp4Mri210bpm.L,T119MisraComp4Mri210bpm_stereo,0.2577652563939929,0.06266666666666665,0,below_st--below_nt--not_psfix,0
67fbc654-115e-5ee6-8f2f-3b5efdcdd3f6,0af829c6-fe3c-5120-941e-a550836a7908,T112MisraComp3Voc160bpm.R,T112MisraComp3Voc160bpm_stereo,0.0,0.06266666666666665,0,below_st--below_nt--not_psfix,0
67fbc654-115e-5ee6-8f2f-3b5efdcdd3f6,a1eee86c-3274-5048-9cde-1724dd7317b8,T112MisraComp3Voc160bpm.R,T112MisraComp3Voc160bpm.L,0.0,0.016000000000000014,0,below_st--below_nt--not_psfix,0
d575c09b-4e34-5703-a59d-2b1baf0e26cd,63660737-668d-5119-adfc-29469ccb4de5,09 ضيق الامور,9 Audio Track,0.0008565673154015723,0.5128205128205128,0,below_st--below_nt--not_psfix,0
e29d8ae1-9fb1-51eb-8a33-16199521acb5,f4fb3580-d5ca-5f73-9da5-fe5747a635ea,T123MisraComp4Kan125bpm_stereo,T123MisraComp4Kan125bpm.L,0.0,0.06266666666666665,0,below_st--below_nt--not_psfix,0
e29d8ae1-9fb1-51eb-8a33-16199521acb5,9f0450e6-a9de-543c-a964-1bb61fd7fa0a,T123MisraComp4Kan125bpm_stereo,T123MisraComp4Kan125bpm.R,0.0,0.06266666666666665,0,below_st--below_nt--not_psfix,0
586dfef2-714a-5017-9c19-641686259cb4,1fcb7c89-990f-5667-ba10-c44df7422bc6,"12-09 Taqsîm, Santûr","13-10 Taqsîm, Mesuré",0.15979952973961944,0.19090909090909106,0,below_st--below_nt--not_psfix,0
10284ae6-8099-54d4-8791-119b94615511,0ac5a751-7664-5b2b-9bd0-a48f93a92e10,6 Audio Track,06 شعبي,0.0013234085949642767,0.5201465201465201,0,below_st--below_nt--not_psfix,0
c27c5318-de67-553e-8b77-4f0608a378dc,19195e2c-8493-5ac6-9c4c-974f23785c4b,07 Berreed Beruth,7 Audio Track,0.011431776413856785,0.540422322775264,0,below_st--below_nt--not_psfix,0
6a86939d-59cc-5d04-b3d1-14cf217d14d6,f7f24e81-4d73-5002-8485-bd919ddcae28,1. Taj La Harusi_Side_B,"Omar Abdulhud, Juma Athman, Abubakar Omar_Markaz Swalihina Samai_Side_B_Corrected",0.0,0.5401475425630016,0,below_st--below_nt--not_psfix,0
0548bc69-a4d0-5fab-9e83-75e3dd4ea3a7,cef28a84-b1c3-5f90-9b03-22469354b535,08 Rouhi Ya Rouhi,8 Audio Track,0.01754768869132421,0.42135315664727424,0,below_st--below_nt--not_psfix,0
01197a0d-d453-53ec-a175-b14c6b21dd0e,eb9eca34-ad59-5d3d-9c04-30912a1be9af,4 Audio Track,04 Mahur,0.000909699327867401,0.3974358974358975,0,below_st--below_nt--not_psfix,0
a165cc62-5177-5646-84e5-c8ba472f8ce8,1c10f892-5ec3-5b87-ac55-3512a2dc6bc3,Lipi Uli Pendalo,Nimechoka Kusubiri (Jambo),0.1365846491400042,0.5224358974358974,0,below_st--below_nt--not_psfix,0
1142077b-8054-5629-a3ed-1541e23393ed,bb465b69-e4ca-56b2-8661-215a8af8fb34,T136AdiComp5Kan105bpm.R,T136AdiComp5Kan105bpm_stereo,0.0,0.06739130434782603,0,below_st--below_nt--not_psfix,0
1142077b-8054-5629-a3ed-1541e23393ed,a617998d-2823-57a5-a6c3-fdb620355cf4,T136AdiComp5Kan105bpm.R,T136AdiComp5Kan105bpm.L,0.0,0.017391304347826098,0,below_st--below_nt--not_psfix,0
b7dbe9fa-b65a-594a-b4e1-e54809c7e0e1,29362b0d-a727-508d-b3a8-e78037d98053,T114MisraComp3Kan125bpm.R,T114MisraComp3Kan125bpm.L,0.0,0.016000000000000014,0,below_st--below_nt--not_psfix,0
b7dbe9fa-b65a-594a-b4e1-e54809c7e0e1,424945ff-5e7b-59e6-af89-8f218bf56279,T114MisraComp3Kan125bpm.R,T114MisraComp3Kan125bpm_stereo,0.0,0.06266666666666665,0,below_st--below_nt--not_psfix,0
74b5e4ec-31a8-5580-85c9-d5f732e7eac6,13308339-4356-50fe-aadb-8ba9eef85b78,T29AdiComp1Voc70bpm.R,T29AdiComp1Voc70bpm.L,0.0,0.01904761904761909,0,below_st--below_nt--not_psfix,0
6efd8a68-7342-5510-a908-0cb02940b193,af39eabf-cfa9-566e-ab2b-cccaa05adf72,2. Ratabu_Iddi-El-Fitry SHow 2002_Side B,2. Ratabu_Iddi-El-Fitry Show 2002_Side B_Corrected,0.00876578117517658,0.04900000000000005,0,below_st--below_nt--not_psfix,0
c079caf9-60fa-5476-b672-7ade6f8d96f8,3f42b73a-02b5-5da2-9ca7-93cb64469518,09 _Alyana Alyana_,"9 Alyana Alyana""""",0.003741292420993715,0.09477124183006536,0,below_st--below_nt--not_psfix,0
2e60ee4d-d7bb-5d16-973e-f8e4f3c0dd57,b6121006-e03a-5597-80b9-19a747bc0045,T122MisraComp4Voc210bpm.L,T122MisraComp4Voc210bpm.R,0.0,0.016000000000000014,0,below_st--below_nt--not_psfix,0
2e60ee4d-d7bb-5d16-973e-f8e4f3c0dd57,267bb9e8-392b-577c-a15c-4b13762a9c9d,T122MisraComp4Voc210bpm.L,T122MisraComp4Voc210bpm_stereo,0.0,0.06266666666666665,0,below_st--below_nt--not_psfix,0
c9bda44f-258b-5fbb-b485-fd39e34d6dd6,1805e3a2-24cf-5e0d-acd6-2460df47dc87,8 Résonance,08 résonance,0.0032532032612798533,0.07905982905982911,0,below_st--below_nt--not_psfix,0
9c04c5a6-2884-5269-8706-a4875e926a75,75d297a3-9f1e-52b9-9ae3-1454a23a5ef7,Utenzi Wa Ramiya_Side B_Corrected,1. Utenzi Wa Ramiya_Side B,0.01539902900574043,0.29889192932671194,0,below_st--below_nt--not_psfix,0
08eefcb5-53ff-58bd-af3a-a1182b513441,69b18d94-7411-5479-8d05-c4c28cbb7ea8,"12-21 (Suite) Ô Toi, Qui Traverse La Steppe",13-01 Toi Aux Paupières Langoureuses,0.019296940221279,0.4011590642025424,0,below_st--below_nt--not_psfix,0
7c0c51fb-b66e-59fb-a363-2abceaefd28b,26e5cb84-b7d3-5b99-b181-7f0525bfdf47,21 يــارب عديها,21 Audio Track,0.0005152101374017277,0.4825396825396825,0,below_st--below_nt--not_psfix,0
dcdfd57e-0ef7-535b-b88b-3a517cc18056,c357c66d-fdbe-5a1b-840c-303f064727eb,T33AdiComp1Kan85bpm.L,T33AdiComp1Kan85bpm.R,0.0,0.01904761904761909,0,below_st--below_nt--not_psfix,0
52898a2c-62c5-5972-8cdf-015fa74f7a2f,941d487e-46ff-5dea-8209-d29c12eb9573,13 صــد و زعل,13 Audio Track,0.0007407293457710165,0.4688644688644689,0,below_st--below_nt--not_psfix,0
88f3c8ab-4a43-5eb4-84d3-9bbc46bb0836,8539b9b2-ae0d-5d18-bfed-3b1a2270d262,14 Audio Track,14 Bahar El Shouk,0.0802403449127539,0.4026610644257703,0,below_st--below_nt--not_psfix,0
9c5095bf-fe5c-5654-ae0b-bcb9ad93f4d0,51cec609-da91-580f-9e99-abfb40ae3e23,4 Audio Track,04 Eid Al Ashak,0.0050873475508107615,0.3462606837606837,0,below_st--below_nt--not_psfix,0
1b175560-3127-5754-9149-fddc821b672a,a616e2ad-8f45-535c-a68c-42ce0f176501,01 Edhak,1 Audio Track,0.00021847261143915326,0.3301282051282052,0,below_st--below_nt--not_psfix,0
6942968a-06ab-5274-8767-6dd22e732870,d9b4aca8-1a14-5bbd-abd8-3aec41e2d4ec,16 Awake (Instrumental) [Bonus Track],16 Awake (Instrumental Bonus Track),0.005632131488084875,0.04795366795366796,0,below_st--below_nt--not_psfix,0
217ffbf1-45b8-5671-bb4d-fea68f60618a,63e8f905-5802-5155-93dd-94e88d33c64c,9 Audio Track,09 Rah el-Leyl,0.0016845765320951296,0.5521978021978022,0,below_st--below_nt--not_psfix,0
a93d775c-c116-50eb-bdb0-77ffeaf7c1a9,bea73032-e61b-58fc-9a2f-f3438caf807a,10 _Ya Man DJafa Wama Rahim_,"10 Ya Man DJafa Wama Rahim""""",0.0041091532232560585,0.033333333333333326,0,below_st--below_nt--not_psfix,0
46cad118-a7a9-50e3-83ce-6c3001ed9aaf,f101d43a-3769-5eaf-85ec-970f7ae13485,09 Nafsaha,9 Audio Track,0.0017914136789536354,0.4897435897435898,0,below_st--below_nt--not_psfix,0
d84ba5ff-2040-5086-998c-b860da52e767,b9670cbc-1d5b-595d-98a1-861995596bf5,T118MisraComp4Mri160bpm_stereo,T118MisraComp4Mri160bpm.L,0.29107385291271065,0.06266666666666665,0,below_st--below_nt--not_psfix,0
ad8c47f6-584f-507a-8a07-090e328b44b3,b8ddceaa-f579-5ba6-bb62-1578b567b2cb,02 Mugham Dilkesh And Two Folk Dances,2 Audio Track,0.010370817725200416,0.4368329868329868,0,below_st--below_nt--not_psfix,0
8770eb6f-cc5a-538c-afd2-c410de5541d6,9208b278-1402-5d0b-8b0d-b640179c598c,04 Track 04,4 Audio Track,0.0350980737288798,0.34411421911421913,0,below_st--below_nt--not_psfix,0
a051baf7-df7d-5e7f-9819-4b11fbd5597f,1bfd59d2-ec8b-5bee-b34f-09a19b9b3fa2,08 Galbi,8 Audio Track,0.0006046024400683274,0.4647435897435898,0,below_st--below_nt--not_psfix,0
4c9a7678-74c9-5f19-a6d1-3d98ec0b8777,c6e0d421-2d8c-5d1c-a5ce-4b51809cd15a,T71AdiComp4Voc105bpm.L,T71AdiComp4Voc105bpm_stereo,0.0,0.07003367003367,0,below_st--below_nt--not_psfix,0
4c9a7678-74c9-5f19-a6d1-3d98ec0b8777,50e739d1-f0f5-562e-95e1-083589602e08,T71AdiComp4Voc105bpm.L,T71AdiComp4Voc105bpm.R,0.0,0.018181818181818188,0,below_st--below_nt--not_psfix,0
cbc78bde-e1e8-5f54-8d89-fc04b8e6dace,b0041827-ac1c-5093-97d2-92b1a4197607,2. Mahenzao Maneno_Side B,4. Natowa Shukrani_Side B,0.1492947872926404,0.3441666666666666,0,below_st--below_nt--not_psfix,0
f096fe9e-37c1-5c09-b765-def6231088a0,2acf9ad2-bbca-5518-9b81-6af41b654937,4. Amasa Njema_Side B,4. Anasa Njema_Side B_Corrected,0.0007143905493142103,0.12049155145929336,0,below_st--below_nt--not_psfix,0
30ed2331-298e-5282-8e34-581bf86278ba,02fb0181-d45f-56a4-94e4-88a2a3df543b,03 Mouachah _Qultu Lamma_,"3 Mouachah Qultu Lamma""""",0.0008862010567358463,0.06777777777777771,0,below_st--below_nt--not_psfix,0
24b8a301-20b2-5839-9a83-d7bf2e4837d3,aefbdc70-01c1-52db-b63e-bb04d29a8aec,06 Chiming Bracelets,05 الزير,0.07659335637152555,0.55,0,below_st--below_nt--not_psfix,0
32766043-197e-5d9e-b5ca-882d912591a4,01d7c1a0-04ad-5be0-b82f-a6207bfc8481,14 Audio Track,14 Marra Fi Ghnina,0.0022404502151025137,0.4656084656084656,0,below_st--below_nt--not_psfix,0
196476be-83c4-50e3-adaf-f21c11705932,2bbd1406-094e-543e-bb97-494187564679,5 Audio Track,05 Wahdi Ana,0.005199835377507599,0.3461538461538461,0,below_st--below_nt--not_psfix,0
76c9c232-7e5c-5525-a03a-7085ee3a7b2b,2792386c-424e-533a-8422-fa03cbc172c6,10 Lijismuki Otrun Khateer Al Nawaya,10 Audio Track,0.00027349011732383607,0.4801587301587301,0,below_st--below_nt--not_psfix,0
3ea5cada-c670-52a0-ae02-10acb78e2d3c,ce9a717f-93a6-5236-be8e-8e0a8c0eeb9c,2. Mwacheni Afaidi_Cassette_5_Side A_Corrected,2. Mwacheni Afaidi_Cassette 5_Side A,0.046546449269486784,0.07052449965493446,0,below_st--below_nt--not_psfix,0
cf69cd10-1e08-51d1-b375-67d2dd6e4d04,df001992-ef66-50d3-bf10-70f4b454ee21,09 Madinath Al Hob,9 Audio Track,0.0007785931688250541,0.5128205128205128,0,below_st--below_nt--not_psfix,0
e149ea49-95e5-5cb3-b09a-0d6171d4128b,7860bfe3-9bb5-5702-9aa1-eae9a1216aa2,7 Audio Track,07 العـاصمه,0.001115066744537105,0.5547785547785549,0,below_st--below_nt--not_psfix,0
16aad3ae-41e0-5586-85b1-730abceb51ba,bc625cd6-9692-56a9-bd22-4c3fde58038c,T81MisraComp1Voc160bpm.L,T81MisraComp1Voc160bpm_stereo,0.0,0.06494252873563222,0,below_st--below_nt--not_psfix,0
16aad3ae-41e0-5586-85b1-730abceb51ba,912a5e8b-e4d4-5eff-838a-d7bb9ac4a04e,T81MisraComp1Voc160bpm.L,T81MisraComp1Voc160bpm.R,0.0,0.01666666666666661,0,below_st--below_nt--not_psfix,0
a213caea-c17f-574b-8bf8-8ae5c4b7beb3,2016a5bc-cf75-572a-9744-05db1d6e6f44,T117MisraComp4Mri125bpm_stereo,T117MisraComp4Mri125bpm.L,0.29017755384124105,0.06266666666666665,0,below_st--below_nt--not_psfix,0
d5749d21-638e-58c9-8365-5e70b7a84ada,e44a434f-4a7b-5595-97db-782e2db5f8c2,01 Leh Zaalen,1 Audio Track,0.0010150320931324318,0.4615384615384616,0,below_st--below_nt--not_psfix,0
a23ecf27-ad16-58f3-b7cb-d5545c6f124e,8d7a120b-d005-5e06-bacf-04ed96e0081f,11 يالمهموم,11 Audio Track,0.0017403383084823947,0.5043290043290043,0,below_st--below_nt--not_psfix,0
124a507a-9d61-5ccc-bc40-1f24f5d6e9a9,c31b4d72-b240-53b3-9515-7509767cbbc0,06 Laylieh,6 Audio Track,0.0013389159676996238,0.4897435897435898,0,below_st--below_nt--not_psfix,0
c2855f40-3681-5547-8f3a-449142a56395,9dea416b-99ed-5c0c-a58b-eb783c101b96,06 Aranis & Koullou Ndif,6 Audio Track,0.0006411529094421511,0.4034900284900286,0,below_st--below_nt--not_psfix,0
23964c6b-1e98-5b2f-94e6-69ace4ac9e02,57420300-ead9-5994-a42a-fbe4e035d0d7,3. Sumu (Pendo Lako) Sumu_Sumu Pendo Lako Sumu_Yusuf Mohamed (Tenge)_Side A,2. Sumu (Pendo Lako) Sumu_Sumu Pendo Lako Sumu_Yusuf Mohamed (Tenge)_Side A___Corrected,0.0360297157120618,0.054252873563218514,0,below_st--below_nt--not_psfix,0
e1459437-8f8e-5ac4-b250-68495f141e9b,f0d89c7b-f71f-5680-ab36-5696f7d6e516,03 Koni Imraatan,3 Audio Track,0.025964830463264112,0.3889652014652015,0,below_st--below_nt--not_psfix,0
24a2b138-6400-57e4-b735-99dadf0a288e,5e63d71f-da44-59ee-9d17-047243b5ffd0,06 Bayn El Byout,6 Audio Track,0.0022348860618647643,0.5009615384615385,0,below_st--below_nt--not_psfix,0
9fb09e69-2c5d-553f-acef-fb3a7616dff4,270c6820-7f97-5cbd-a985-7acf192dd324,Mpende Anae Kupenda,Malika etc B,0.17323679870775208,0.5067251461988305,0,below_st--below_nt--not_psfix,0
8b0d11f8-0538-5b84-b461-57c4ff6244a2,c6aa8c91-bad4-539c-b5b9-f5cbee24939e,2 Audio Track,02 Aseer Ahsan,0.0014009030998936652,0.4255189255189255,0,below_st--below_nt--not_psfix,0
8c7455e0-f03a-5b77-9f31-c6251a2396ec,97b898b1-d645-5e3c-94ab-704fad374ef1,12 Koll Ya Badr El Mounir,2-03 Kolli ya badr el mounir,0.028486099680175188,0.16190476190476188,0,below_st--below_nt--not_psfix,0
9d36dabe-60b6-53f3-9a1b-0a40caac2f1e,f7018fee-686a-5ac6-b7f7-4b1e0ca57bae,8 Audio Track,08 Ya A'kida Al Hajibaynee,0.04768250880038516,0.4839743589743589,0,below_st--below_nt--not_psfix,0
04f0051f-f6e8-5240-8329-6fd1ea3f8a2b,4f9e0d90-3895-562e-a458-1aa2459d70b5,06 Elem Çekme Gönül,14 Tavşanca,0.2746425646727274,0.5378787878787878,0,below_st--below_nt--not_psfix,0
b6192b6a-a383-54c2-a90e-9a94b6de1354,577cfc27-51a1-5b24-ba52-81e341649930,11 Busherine Gulnaze,"07 Gulisdane, Gulisdane",0.15312328746687076,0.3897993311036789,0,below_st--below_nt--not_psfix,0
29362b0d-a727-508d-b3a8-e78037d98053,424945ff-5e7b-59e6-af89-8f218bf56279,T114MisraComp3Kan125bpm.L,T114MisraComp3Kan125bpm_stereo,0.0,0.06266666666666665,0,below_st--below_nt--not_psfix,0
c95df844-7c74-5a3b-ae92-0b2e829fc223,de67d6ae-463c-5b75-88af-fcec3da1a353,12 Bayati Mode,11 Rast Mode,0.28368701150190445,0.1821428571428572,0,below_st--below_nt--not_psfix,0
19f7b521-e972-5f7a-8880-d2f8a777024d,f56ec0c6-ae47-51b4-a406-bf0deaff81fd,5. Ngia Uteoni_Side A,6. Ngia Uteoni_Side A_Corrected,0.00010776757136406232,0.13415258576548894,0,below_st--below_nt--not_psfix,0
d3bd1351-8c6e-5e7a-a0a3-307d8c79264c,1781c85c-b39b-571e-b4fe-95a84bebe98c,39 Dastgah-e Segah - Masihi,27 Dastgah-e Crgah - Pahlavi,0.2931971324407307,0.19832451499118164,0,below_st--below_nt--not_psfix,0
9535800e-3a76-5a5c-9fed-4118136858a0,40ae27fc-99c3-524b-9a64-2a66e6a36224,T113MisraComp3Voc210bpm_stereo,T113MisraComp3Voc210bpm.L,0.0,0.06266666666666665,0,below_st--below_nt--not_psfix,0
401c6030-b6ad-5678-87e6-ae812a66c5e5,783089da-b5a6-52b4-b627-fa6a56e07ce7,Nntakusubiri,Pete,0.05392787712122303,0.5555555555555556,0,below_st--below_nt--not_psfix,0
dc9438ad-d1aa-5f32-bc90-4106cd688567,824d304b-608e-5cd1-b4fc-5b3023517d00,T129AdiComp5Voc70bpm.R,T129AdiComp5Voc70bpm_stereo,0.0,0.07003367003367,0,below_st--below_nt--not_psfix,0
dc9438ad-d1aa-5f32-bc90-4106cd688567,a71944eb-8484-5d55-a405-169e920d41ab,T129AdiComp5Voc70bpm.R,T129AdiComp5Voc70bpm.L,0.0,0.018181818181818188,0,below_st--below_nt--not_psfix,0
23cfa953-b431-53cd-8d60-503aa2262867,f4b46745-def6-5f32-84b9-3055cd6de04e,1.  Bwana Wa Mabwana_El Hajj Show 1995 Vol. 1_Side A_Corrected,1. Bwana Wa Mabwana_El Hajj Show 1995 Vol. 1_Side A,0.014106818570869671,0.14433902593295378,0,below_st--below_nt--not_psfix,0
8928d11d-31d4-52c9-a4bf-e40297e74d52,8222e742-408f-5cdd-98d6-468045a96705,7 Audio Track,07 Track 07,0.000967567337324458,0.34411421911421913,0,below_st--below_nt--not_psfix,0
50838c75-943a-516b-a99a-350b7a6565b8,66af6e80-7f91-52e6-9b29-9ec4dda637a7,1. Gertruda_Wanyama Wakali_Jamhuri Jazz Band_Side B___Corrected,3. Ewe Ndege_Wanyama Wakali_Jamhuri Jazz Band_Side B___Corrected,0.07327949696210681,0.18287037037037035,0,below_st--below_nt--not_psfix,0
50f03f89-33ea-5352-a682-cbf7e93f75df,43d5a389-1f60-5fca-b3e7-31395d8d301b,9 Audio Track,09 Enta Fen,0.0006931480495842747,0.5262237762237763,0,below_st--below_nt--not_psfix,0
17ec4298-7937-593d-bbc8-91b9d40ba60a,46526097-e813-5afa-9b34-d08ae2eb4fbf,T36AdiComp2Mri70bpm.L,T36AdiComp2Mri70bpm_stereo,0.2955836418180736,0.07289377289377286,0,below_st--below_nt--not_psfix,0
b3fe2627-89b1-5dce-a258-e04a52f3bd6e,eb823757-e0b9-5e15-b5aa-092235956fea,4 Audio Track,04 El Kober Lillah,0.003136015268610265,0.42897842897842897,0,below_st--below_nt--not_psfix,0
9406e8b4-e75d-5374-ad3b-c6ee1b5fdab9,24500a0c-62c5-54ce-a725-69130d678b09,7 Audio Track,07 Kun Anta,0.0035365926474520424,0.41433566433566427,0,below_st--below_nt--not_psfix,0
80219b71-eb99-5918-8ddc-f5366be33cdf,a60fe113-ee74-5890-8be8-9fca4506c162,T31AdiComp1Voc105bpm.R,T31AdiComp1Voc105bpm.L,0.0,0.018181818181818188,0,below_st--below_nt--not_psfix,0
88ecf982-4703-52d0-82d3-f03bdc484d2f,2e860692-b0af-5e38-9e9f-2ac9be9c7536,3 Audio Track,03 Mugham Bayati Shiraz And A Tasnif _Bir Choban Qizi_ (A Shepherdess),0.002680747799747276,0.4793040293040293,0,below_st--below_nt--not_psfix,0
09a91e7a-7ea9-55dd-855f-26976ea70632,a9ee6d92-e9c5-5466-bb4c-5877aebfd20d,11 Qouly Ohebuka,11 Audio Track,0.00792419048098663,0.3928571428571429,0,below_st--below_nt--not_psfix,0
662e0ad6-4031-510e-8a24-ec6ac3551eb8,309af8fd-7a30-51f7-a07f-ad17b006ead6,1. Miujiza_Cassette_5_Side A_Corrected,1. Miujiza_Cassette 5_Side A,0.055274796411593184,0.0872598162071847,0,below_st--below_nt--not_psfix,0
b690db9f-3aa6-5f8b-97f3-2668a2784fc1,43a7a066-4254-5bd3-97aa-702f5c8af047,08 La'alla Khair,8 Audio Track,0.002456854581925143,0.5342948717948719,0,below_st--below_nt--not_psfix,0
f2e9be5b-6532-5634-9ba4-1c2b5f0025ea,a12351b6-526f-5b12-b270-4afc2c6ddb39,T121MisraComp4Voc160bpm.L,T121MisraComp4Voc160bpm.R,0.0,0.016000000000000014,0,below_st--below_nt--not_psfix,0
18a4030d-8f76-55de-be87-332b9b74f121,8f1d3ba4-7c73-587e-bcd4-7537c78dd5ec,04 M'cedder Çika_ Akhbîrûnî,09 1st Darj_ Ya Saki La Teghfel,0.28805531348093444,0.5682795698924732,0,below_st--below_nt--not_psfix,0
cdbd12be-a816-59a3-8a52-6d486b42d2d0,a1f28add-1aea-5dbd-a579-aea3dee6ca1a,2. Track 2_Side_A_Corrected,2. Track 2_Side A,5.18854923665106e-05,0.0932461873638344,0,below_st--below_nt--not_psfix,0
f1ab97e7-edde-5cc4-af0a-346fa30655e3,af3bfa30-1a45-58e4-ac7f-435542ce44ec,06 'Ain,6 Audio Track,0.02823354944630153,0.3736263736263736,0,below_st--below_nt--not_psfix,0
fa32b523-6a0a-5cdc-820f-0397beaa10d8,84e88213-b864-56a7-a89b-960e68139e76,1. Track 1_Side_A_Corrected,1. Track 1_Side A,0.0,0.0932461873638344,0,below_st--below_nt--not_psfix,0
0af829c6-fe3c-5120-941e-a550836a7908,a1eee86c-3274-5048-9cde-1724dd7317b8,T112MisraComp3Voc160bpm_stereo,T112MisraComp3Voc160bpm.L,0.0,0.06266666666666665,0,below_st--below_nt--not_psfix,0
694774ca-0402-5f01-9694-71d2919b28d1,83e95c9b-4092-5b6f-85b2-d344361dd6ce,02 Kaboush al-Touti,2 Audio Track,0.0004828267618357293,0.4596105648737229,0,below_st--below_nt--not_psfix,0
01b1d40e-6803-5402-a4d0-5f45db3ffd9d,482784a8-2f0b-522e-95ae-215e11e47294,16-01 Mon Coeur T'aime Et Ma Passion Est Partagée,"13-16 Taqsîm, Qânûn",0.14457235324977974,0.4727272727272728,0,below_st--below_nt--not_psfix,0
cf40603e-f8ec-5c7a-8b77-af4891002c60,286b40c4-b4f3-563a-a353-7ece319f71eb,18 Audio Track,18 ســواها قلبي,0.00803317601607563,0.4825396825396825,0,below_st--below_nt--not_psfix,0
4dd68b6d-8915-5239-9d15-c0fb2fafae1b,82379120-9943-5916-b0e8-bb79025d6cca,11 Audio Track,11 Track 11,0.0015905961088861814,0.2035353535353536,0,below_st--below_nt--not_psfix,0
081849d3-f14a-5a67-bcf4-6575f949d1ff,662b9223-2c11-5ced-be29-dbc59f30da62,T72AdiComp4Voc70bpm.L,T72AdiComp4Voc70bpm.R,0.0,0.01904761904761909,0,below_st--below_nt--not_psfix,0
081849d3-f14a-5a67-bcf4-6575f949d1ff,1fd1ca27-9013-59ce-a6ea-d55c8f4dfd0e,T72AdiComp4Voc70bpm.L,T72AdiComp4Voc70bpm_stereo,0.0,0.07289377289377286,0,below_st--below_nt--not_psfix,0
319c7263-2bf2-52c1-a803-e1df114dceca,b6f66c07-6bda-595f-96d0-1fa718c9866e,1. Track 1_Culture_Makame Faki_Side A,2. Track 2_Culture_Makame Faki_Side A,0.2515694859977415,0.036036036036036015,0,below_st--below_nt--not_psfix,0
7c43f48f-7583-5013-95b7-f02b267f0cbe,18e6eda6-97ac-55eb-9191-3482540de9b0,T83MisraComp1Kan125bpm.R,T83MisraComp1Kan125bpm.L,0.0,0.01666666666666661,0,below_st--below_nt--not_psfix,0
0a1f341b-f10d-5874-901a-5d59734e2322,94d8fbcc-af02-53ca-95f1-2372b31ca4d5,T111MisraComp3Voc125bpm.R,T111MisraComp3Voc125bpm_stereo,0.0,0.06266666666666665,0,below_st--below_nt--not_psfix,0
fa9bdaca-7de6-5b01-9eda-16c4c9d35155,29d5f821-c574-5bb3-9dd0-323bed1e5e51,T120MisraComp4Voc125bpm.L,T120MisraComp4Voc125bpm_stereo,0.0,0.06266666666666665,0,below_st--below_nt--not_psfix,0
fa9bdaca-7de6-5b01-9eda-16c4c9d35155,9f9ab1d2-4b74-5522-9060-4b702df74859,T120MisraComp4Voc125bpm.L,T120MisraComp4Voc125bpm.R,0.0,0.016000000000000014,0,below_st--below_nt--not_psfix,0
4bc22e3b-18b2-5977-93b2-761f11d9a686,14f95a66-bb71-55ad-9c06-e01866f2e98d,03 La lune,3 La Lune,0.0007711729193529527,0.10370370370370363,0,below_st--below_nt--not_psfix,0
0d6da363-1cd5-59e6-9389-4ecdedf28f0d,36051ab3-afc9-5cb5-97bd-821723b12bc8,Upepo Baridi,04 Peshrev Rast Sherif,0.1388674355288015,0.5853535353535353,0,below_st--below_nt--not_psfix,0
0eddb622-cf76-5a9c-8a0e-61edeb2d7bae,d231bc4f-193e-5fd4-bccd-b7c6225e24a4,12 Audio Track,12 يمه ارحميني,0.0016693485280316735,0.4761904761904762,0,below_st--below_nt--not_psfix,0
cf01e696-3a4a-51cc-8e3a-b03d6eda7952,9e03a1ad-0b4e-53c2-b63e-ec0476d2496f,T90MisraComp2Voc125bpm.R,T90MisraComp2Voc125bpm_stereo,0.0,0.06494252873563222,0,below_st--below_nt--not_psfix,0
cf01e696-3a4a-51cc-8e3a-b03d6eda7952,e97c65b2-e2d1-5d05-a50a-1f50116e8623,T90MisraComp2Voc125bpm.R,T90MisraComp2Voc125bpm.L,0.0,0.01666666666666661,0,below_st--below_nt--not_psfix,0
813b0f3d-0c19-576f-a76b-2138094bb634,2910ae3e-fca6-5e14-b35b-1ca349502ebe,10 Track 10,10 Audio Track,0.0014857743907280313,0.2035353535353536,0,below_st--below_nt--not_psfix,0
9b3675ee-b883-5078-b778-3c5d5c14f36b,53143508-6581-5090-9a65-b067317da6bb,T54AdiComp3Voc85bpm.R,T54AdiComp3Voc85bpm_stereo,0.0,0.07289377289377286,0,below_st--below_nt--not_psfix,0
9b3675ee-b883-5078-b778-3c5d5c14f36b,f4776335-22c3-5a0f-bda4-5ed76355316d,T54AdiComp3Voc85bpm.R,T54AdiComp3Voc85bpm.L,0.0,0.01904761904761909,0,below_st--below_nt--not_psfix,0
68cc25bd-7f02-572b-82dc-b5e51190ef90,9b0dca4a-f9f4-5e0d-a27b-d20d1b5efb6a,02 Hob Helo,2 Audio Track,0.0007170413299711683,0.4428904428904429,0,below_st--below_nt--not_psfix,0
5c4a7b2f-686c-518e-898f-87f38c9e6d9d,046ccbaa-d731-5f7a-8d8d-d25aa41cf220,10 Audio Track,10 Holom L Layali,0.0095196736281554,0.4061624649859944,0,below_st--below_nt--not_psfix,0
0edf1d0e-974b-5cad-88b5-f9f55f9fb9eb,662ad5bf-7c21-5129-aa9b-1597201e0d68,04 Markab El Hend,Halua Somali,0.09184062298456926,0.5604575163398693,0,below_st--below_nt--not_psfix,0
1db4c241-7b8b-5189-8fe2-fb7f5697798f,4a34dc55-dfb8-52e6-b67c-bf0ea0ebc215,1 Yâ Sâ'ili 'an Hawâ al'mahbuûb:Toi Qui Interroge Sur La Passion De L'aimé,01 Yâ Sâ'ili 'an Hawâ al'mahbuûb_Toi Qui Interroge Sur La Passion De L'aimé,0.000855589910858581,0.012552742616033785,0,below_st--below_nt--not_psfix,0
d35986af-1aaa-5ad9-9c05-e1dfee84ab1d,8df2f9f4-0a90-5c5f-9151-5c21e15af661,07 Al Sheeb,7 Audio Track,0.0007561019637855911,0.4428904428904429,0,below_st--below_nt--not_psfix,0
267bb9e8-392b-577c-a15c-4b13762a9c9d,b6121006-e03a-5597-80b9-19a747bc0045,T122MisraComp4Voc210bpm_stereo,T122MisraComp4Voc210bpm.R,0.0,0.06266666666666665,0,below_st--below_nt--not_psfix,0
dfec4df7-c5f7-589c-96f4-92caf5b74a40,f13c3286-f785-5dc6-9c20-fe5a730151e3,New Bhalo No. 20_Side B,New Bhalo No. 20_orig_B_Corrected,0.0002682763148393357,0.09964238659890834,0,below_st--below_nt--not_psfix,0
359e2386-3047-569a-8a24-2a1d1fd0d246,1740f75e-1f93-5fe5-8fba-17ff99d200a0,Cassette 18_Culture Musical Club Zanzibar_Idd El Fitri Show_Side A_Corrected,Cassette 18_Culture Musical Club Zanzibar_Idd El- Fitri Show_Side A,0.07256601499528255,0.02930086410054988,0,below_st--below_nt--not_psfix,0
63ddae13-b185-5645-a091-016723b555d5,50d7e98d-01b6-53c4-b563-360632d7b26e,11 Fingers and Sambales,10 Riqq Solo,0.029332715205459606,0.4130434782608695,0,below_st--below_nt--not_psfix,0
afb2e6ae-b30e-5c0d-8570-dc8d49d06f5d,b89c1290-9a01-515b-b747-8850498c9f22,6 Audio Track,06 Al Raie Wal Zeeb,0.0029902555139792336,0.4908906882591093,0,below_st--below_nt--not_psfix,0
ad964f4d-a5e7-5e82-81d5-1a69aeed30ff,a523f23a-9744-5787-b453-b297a1900a3e,T70AdiComp4Voc85bpm_stereo,T70AdiComp4Voc85bpm.L,0.0,0.07289377289377286,0,below_st--below_nt--not_psfix,0
d9855682-721f-5257-8594-ac59d2b0a97b,370937f5-7eda-5dde-a12f-31f6318ca866,09 Track 09,9 Audio Track,0.003704713319827636,0.34411421911421913,0,below_st--below_nt--not_psfix,0
c9e081f0-b0eb-54db-b3b5-adb36fed1ef3,e271a7ad-575e-5d38-b62b-36ddb31368d2,05 Arâk Tarûban ka-l-mutayyami_Je Te Vois Ému Et Préoccupé,5 Arâk Tarûban ka-l-mutayyami:Je Te Vois Ému Et Préoccupé,0.0009881759557340151,0.015958354668032082,0,below_st--below_nt--not_psfix,0
06f03d5a-3333-5dbf-9976-8eb27c9b9ad8,04122559-ec12-530d-b353-b6c4cfcbf002,09 لاعــدمتك,9 Audio Track,0.0009646357961831596,0.5598290598290598,0,below_st--below_nt--not_psfix,0
1fd40b02-e18c-5279-b8cf-876897129b54,5fd01c66-87a9-58fb-84f3-863f4351f965,10 C Shawbash_ Shawdash,"03 Bayyati Melody, 10-Pulse' Samai Thaqil To 10-Pulse' Samai Khafif Georgina",0.19196663322940014,0.5333169881224802,0,below_st--below_nt--not_psfix,0
16afeb97-d099-5ca1-ab5f-218391f69d8f,cb80de6b-268f-52aa-b7af-9bd8c8924a60,9 L'élévation même,09 L'elévation même,0.002856696354194497,0.05674603174603165,0,below_st--below_nt--not_psfix,0
65d9af3a-aba3-54ad-9329-86b50d4da6f5,d716f0e0-314c-5985-90ed-41c2d511d376,7 Audio Track,07 يا إله الكون,0.001869482875618908,0.5272435897435896,0,below_st--below_nt--not_psfix,0
ded109af-a971-5abb-916e-253c9b5387ec,d378afb4-94f7-5ffd-b7e5-df6ca3f50c40,01 يمر العام,1 Audio Track,0.001419333976396744,0.5064102564102564,0,below_st--below_nt--not_psfix,0
f6c0397e-c70b-534e-896a-3e721c27b49d,32dcc12d-1f06-523b-9faf-e51f809bc924,6 Audio Track,06 Iesheg Baghdady,0.0014437759857066413,0.49002849002849,0,below_st--below_nt--not_psfix,0
fd5740f1-a427-53bf-880c-01b3056d9ebb,960e8848-0fe5-572a-b99b-e2bf3130b476,05 Debelur Lurlur,"13 Narem, Narem",0.05267298898327066,0.5267973856209152,0,below_st--below_nt--not_psfix,0
8b6c26c5-65b0-5922-bd46-bd803e7c7ff8,dc5f25de-67cd-52bf-a412-d9ad610744b3,07 Para Túnez,7 Para Túnez. For Túnez,0.008622875211846258,0.18380952380952387,0,below_st--below_nt--not_psfix,0
2dd07a79-15a3-5805-8ac0-0ed1d6f2b0f1,bc647a69-9414-5583-acf8-b5aa3775bd05,9 Audio Track,09 Aali Mostawah,0.0010553137809473406,0.4127747252747253,0,below_st--below_nt--not_psfix,0
657c6f45-d80a-5625-973a-715016a8fa04,3dc17744-7f3f-5bea-bcbb-08eea40e554e,T132AdiComp5Voc105bpm.R,T132AdiComp5Voc105bpm.L,0.0,0.017391304347826098,0,below_st--below_nt--not_psfix,0
657c6f45-d80a-5625-973a-715016a8fa04,046224d1-7235-57b0-a4cb-2ff15e75191f,T132AdiComp5Voc105bpm.R,T132AdiComp5Voc105bpm_stereo,0.0,0.06739130434782603,0,below_st--below_nt--not_psfix,0
b56a9535-30b8-549d-bea3-556e33965092,5109bca1-d6d7-5700-ac36-38e950203a10,20 Audio Track,20 ضاقت عيونك,0.001412222618380583,0.4688644688644689,0,below_st--below_nt--not_psfix,0
041c9dba-9f1e-5c8b-9d97-f9f1530be0fc,f47496e2-fa6b-518d-83cb-b05d5b5f72c1,8 Audio Track,08 Kusat Khilafatina,0.02149154701870196,0.4683760683760684,0,below_st--below_nt--not_psfix,0
b2bab025-31ad-58e7-947a-2438e4a7608c,ffefff39-46c6-5bd3-91b3-de79751d7d1e,2. Track 2_Habib & Abdalla 2Side B,2. Track 2_Habib & Abdalla 2_Side B_Corrected,0.0052162637550823825,0.04888888888888887,0,below_st--below_nt--not_psfix,0
15334d2a-47fd-5b33-a55c-8f95c4b5df85,491ba20d-0ecb-5d4f-b0b9-2e3a462c997f,10-03 Je Ef Ez Maro'ot - Je Peniot - Tihirini,10-06 Ehone,0.12678330122980538,0.4013468013468012,0,below_st--below_nt--not_psfix,0
4c79c91a-5fb6-5e92-a7ea-3864d783289d,ed9b19f3-cf66-5e89-87d2-54c943e66d12,7 Audio Track,5 Audio Track,0.098519644019657,0.05128205128205121,0,below_st--below_nt--not_psfix,0
a3f0cbed-17ce-5f57-bd90-28f5ce4db5b4,3c478b46-10cc-5913-83fd-36acfe0e6f79,5 Audio Track,05 Amoot Bhudnak,0.0016452095429267204,0.34134615384615385,0,below_st--below_nt--not_psfix,0
3e63eb30-ef96-50cb-a19b-3ca83a4bfcfa,9715603d-8f2d-5078-ae62-88083fd7515f,11 انورت بيروت,11 Audio Track,0.002529486608569052,0.4761904761904762,0,below_st--below_nt--not_psfix,0
3453a24a-88a7-5c00-8c69-569f03ffab46,11a1640e-5b19-53d9-9dd1-184f1d795608,07 Ana El Wali,7 Audio Track,0.0023044515220349768,0.486080586080586,0,below_st--below_nt--not_psfix,0
63670fde-2c73-55ab-b5b9-1591da4fdaeb,ba9dd64d-9945-5fa7-8c69-a943bee6745a,4. Track 4_Side_A_Corrected,4. Track 4_Side A,0.0,0.0932461873638344,0,below_st--below_nt--not_psfix,0
ddd77b20-db06-5283-a230-bbbb5cc88828,1b977616-b73f-5d24-ac48-30411ae1aa12,12 Wasla in Dugah_ Quatrain 3,19 Wasla in al-Mustaqim_ Quatrain 19,0.10573876330811098,0.21422413793103445,0,below_st--below_nt--not_psfix,0
4ca80e99-bf00-5329-86d5-4bdef1709f06,e431f911-ebd6-5446-8f50-5e0221ac8c27,01 The Lamentations of Isis,05 The Holy Lotus,0.08650597467479729,0.3665577342047931,0,below_st--below_nt--not_psfix,0
448f02d6-ebf0-50a2-b65b-6da833d3713e,0d46c6c0-3262-5b8d-bfa7-f7dc6b091fd2,15 Track 15,15 Audio Track,0.0006653339471562103,0.2035353535353536,0,below_st--below_nt--not_psfix,0
69e81afb-ee4c-5cd4-9e51-47701f49b6d6,8b3cd583-d042-59a3-923f-ba5a5ccad727,06 Mugham Shushtar & Tesnifs,6 Audio Track,0.0004168025935346112,0.4752747252747253,0,below_st--below_nt--not_psfix,0
c8aa99d2-82e9-55d8-874c-e30f24029e16,0d94cecf-f002-56d6-bb8c-589081a4fbf6,4 Audio Track,04 Dictory,0.0032025286654381343,0.3717948717948718,0,below_st--below_nt--not_psfix,0
8cba3a31-0877-574d-89e7-2c05365a386c,ef783b41-4a8e-54c6-a026-c5020a2e469c,02 Track 02,2 Audio Track,0.0042611380809998425,0.34411421911421913,0,below_st--below_nt--not_psfix,0
84ba05da-eb1c-576a-8fb3-e813fdbe9356,c27f1d69-3629-59e9-8981-9d3b262fbe48,08 _Antal Moudallal Ya Qamar_,"8 Antal Moudallal Ya Qamar""""",0.0004854090437326561,0.05829228243021356,0,below_st--below_nt--not_psfix,0
cc16d27a-83ad-566f-9d48-39bb3b84dc4c,c8d77a7f-d148-5245-9a6a-ff5ab5e7f8b9,T53AdiComp3Voc70bpm.R,T53AdiComp3Voc70bpm_stereo,0.0,0.07289377289377286,0,below_st--below_nt--not_psfix,0
9b8ff1ab-5216-5611-8ed4-a450efe2ed69,0406e9c7-715b-5071-9b71-44738cd6f62e,T116MisraComp3Kan210bpm.L,T116MisraComp3Kan210bpm_stereo,0.0,0.06266666666666665,0,below_st--below_nt--not_psfix,0
9b8ff1ab-5216-5611-8ed4-a450efe2ed69,c7c2ecc1-019e-5014-8ff9-1ffc37f77bf8,T116MisraComp3Kan210bpm.L,T116MisraComp3Kan210bpm.R,0.0,0.016000000000000014,0,below_st--below_nt--not_psfix,0
50e1ef69-0375-5084-876c-bd8ecb1b9828,5ab70f94-74a2-5df8-bae7-24405e671bec,08 Track 08,8 Audio Track,0.0014268306424582375,0.34411421911421913,0,below_st--below_nt--not_psfix,0
5e53cc96-637b-55e1-8578-0cfd08a59d75,885f4fcf-a518-5dd2-b28a-7a9136bb6dca,2-05 Ô Nuit D'amour - Elle Ranime Les Âmes,2-12 Dis À Celui Dont Tout Le Monde Aime Les Vertus - Je Me Sacrifierai Pour Cette Gazelle - Mon Amour A Désiré Me Faire De La Peine,0.2692361260973765,0.4771010761206841,0,below_st--below_nt--not_psfix,0
1d516ba8-9d12-5e91-b11d-c9e0e9c2626e,34eb6d53-1a61-5d55-b94c-39241c3f0f3b,Abdulrahim_Samai_Side B_Corrected,Abdulrahim_Samai_Original_Side_B,0.012017036445474315,0.12954545454545452,0,below_st--below_nt--not_psfix,0
65088021-778f-5135-8636-2c1dec7e05a6,cc149275-154e-5a6d-a492-39e1dd24834f,T41AdiComp2Voc70bpm.L,T41AdiComp2Voc70bpm.R,0.0,0.01904761904761909,0,below_st--below_nt--not_psfix,0
1d8faa03-8c98-5a88-a2cb-c9d514515f49,1dba3f64-3a63-5407-8994-28836d317b71,5 Audio Track,05 Al Shaki,0.016232549454256763,0.3702963702963703,0,below_st--below_nt--not_psfix,0
a617998d-2823-57a5-a6c3-fdb620355cf4,bb465b69-e4ca-56b2-8661-215a8af8fb34,T136AdiComp5Kan105bpm.L,T136AdiComp5Kan105bpm_stereo,0.0,0.06739130434782603,0,below_st--below_nt--not_psfix,0
abeed1b7-26ad-54ff-87e5-348cf68c5994,0f9f97f9-cf71-5794-9b4c-d0939cdc00b4,T124MisraComp4Kan160bpm.R,T124MisraComp4Kan160bpm.L,0.0,0.016000000000000014,0,below_st--below_nt--not_psfix,0
4ee21214-3076-5e5f-963e-cda9cfd2e4d9,e5fc0ee7-1ad5-5db8-b617-7381266fba2e,01 Awlek Sahih,1 Audio Track,0.0004710494702280618,0.4532967032967034,0,below_st--below_nt--not_psfix,0
575dcc9f-60fc-5429-8d75-4cc9ab8c81d6,b56cbaaf-4c5c-5557-8fb9-646ca4975c86,T144Metro,T144bMetro,0.17111007749831342,0.02000000000000001,0,below_st--below_nt--not_psfix,0
6b018e5a-64cd-5c29-ad02-4af6c00fb381,9b1589af-ac2e-5767-8e4e-bcf686264b31,3 Audio Track,03 Shoubak Habibi,0.0011634924372278365,0.4689722042663219,0,below_st--below_nt--not_psfix,0
a230a271-b876-5eb1-8b9b-1f43e27c14bc,dad56a07-6b8d-5cb2-a0ca-0e9f9a41d013,7 Audio Track,07 Mugham Bayati Shiraz & Song _My First Love_,0.0012309419861040154,0.4869007803790413,0,below_st--below_nt--not_psfix,0
203ac101-8629-5370-8fa5-6e119acaa1cd,4c8bbffa-a98e-5f46-b671-9cef88ebc0f8,T32AdiComp1Kan70bpm.R,T32AdiComp1Kan70bpm.L,0.0,0.01904761904761909,0,below_st--below_nt--not_psfix,0
576df9a9-f8ac-563f-806e-12b6a95e8619,4d0fd898-def0-5828-9c22-bf2a742187eb,02 Ghazal,08 Yâ sayyid al-helwîn,0.2626846278177655,0.4120370370370371,0,below_st--below_nt--not_psfix,0
263520d4-f1a4-59d6-a3a1-66a498614311,e191cdf7-b450-56d8-855d-154909ce2a79,9 Audio Track,09 Tanakothat,0.0015757655127472663,0.4700854700854701,0,below_st--below_nt--not_psfix,0
c0822c08-b606-52e6-98d5-f37e79a0cff5,1554d860-24f5-5ca6-8450-2da11373a341,15-01 Untitled,01 El Atlaal,0.002414893239663253,0.4753968253968254,0,below_st--below_nt--not_psfix,0
675a6d68-d029-5c3b-aa27-4c398d485787,56fbb177-bb7b-5679-85e1-2b6f8cd0625a,T34AdiComp1Kan105bpm.R,T34AdiComp1Kan105bpm.L,0.0,0.018181818181818188,0,below_st--below_nt--not_psfix,0
0d6213c3-eda5-5880-9de1-34a9b30e513b,4e8d5f2b-4e08-55fe-8048-348541a4fe70,04 مر الاقحار,4 Audio Track,0.0017793671649699882,0.5128205128205128,0,below_st--below_nt--not_psfix,0
910bb5f2-b659-590b-bb74-00a39e175f20,3bd365a9-f84e-56d9-a9e2-1b4e4148ba8b,T49AdiComp3Mri85bpm.L,T49AdiComp3Mri85bpm_stereo,0.28627757133010273,0.07289377289377286,0,below_st--below_nt--not_psfix,0
28816646-3a5e-5d91-a00f-a46252202ced,b4311221-5cef-51fe-a0d1-2e08b392e61d,01 Gadedt Hobak Leh,01 Araka Assia El Dam'o,0.2526300180392305,0.4520404271548436,0,below_st--below_nt--not_psfix,0
aea50ecd-9684-5a76-ac0c-e9dc00002a75,ce77900c-aed6-548c-8f2a-a5c460e75e1e,6 Audio Track,06 Ghali,0.003059225482423769,0.4807692307692307,0,below_st--below_nt--not_psfix,0
f595fa77-792f-59ae-849e-38416445b6ed,dd94026e-9a29-5955-8d20-3b2a8fcc6ee7,02 Harajet Leila,2 Audio Track,0.009614539407478093,0.5009615384615385,0,below_st--below_nt--not_psfix,0
6e04b74f-1e85-5599-9f9c-2d2fc4e51f13,d3b7b734-295e-5f56-bf25-3d6b8fdd3572,8 Audio Track,1 Audio Track,0.27266264443411264,0.05128205128205121,0,below_st--below_nt--not_psfix,0
de2eab17-9539-5083-b16c-12d118ddb709,598eab6e-050a-50eb-8a1c-695e9127bbfa,7 Audio Track,07 Herzan,0.0009555036166481717,0.415954415954416,0,below_st--below_nt--not_psfix,0
b189900c-3cff-5e76-8528-ede181f2a277,f5151ab3-4c78-5220-bbb5-497e1459ddc0,15 Domik Domik Dom : Ya Chadi Al Alhan,15 Domik Domik Dom _ Ya Chadi Al Alhan,0.02701010750134505,0.010526315789473606,0,below_st--below_nt--not_psfix,0
91277cf6-c5e5-577e-83ba-6e13bc8c88b7,f46c94e9-ace9-57d9-beb6-b35bfe851ce2,T48AdiComp3Mri70bpm.L,T48AdiComp3Mri70bpm_stereo,0.25886163998386136,0.07289377289377286,0,below_st--below_nt--not_psfix,0
cab0e2b2-bdac-551e-9568-8e4d0a7bcf3d,423054ab-acec-502c-977f-00c6475c9683,5 Audio Track,05 Houb,0.002792400088806777,0.4569597069597071,0,below_st--below_nt--not_psfix,0
8f513f47-4c8d-5010-81e0-2f5e7c2bc45f,95ba523e-2db2-5a8c-8435-7b9e7928c1ae,7 Audio Track,07 Track 07,0.0323092475032299,0.34411421911421913,0,below_st--below_nt--not_psfix,0
859a81e3-723e-5fab-9f6f-c9e709d78749,8c135fcb-b346-5e47-9e2c-c03b8ea948d7,"Diamon Stars, Nyota Za Almasi Hamtaki Tule_Mishi Juma & Mwanate Shamma_Side A_Corrected","Diamon Stars, Nyota Za Almasi. Hamtaki Tule_Mishi Juma & Mwanate Shamma_Side A",0.029661964711235993,0.025552608311228964,0,below_st--below_nt--not_psfix,0
4ad9af91-7f90-504f-9ca8-9adce4730381,e4a47d98-46e1-56ee-8aa9-872afe9c03a0,8 Audio Track,08 Ensa'a,0.0014138896372780892,0.4786324786324786,0,below_st--below_nt--not_psfix,0
4fdb012f-fd8f-5a10-b09e-9ade8f219dc9,30706a2d-6bfb-5112-8668-5e2f8f120782,09 Gina,9 Audio Track,0.006448131916808858,0.3736263736263736,0,below_st--below_nt--not_psfix,0
3cb21a51-6b99-5f97-bd39-16933e900c4d,a1599e4c-2744-522d-a55c-bddeb5df9a30,4 Audio Track,04 Kesme Shikeste,0.0006009813108450036,0.5070889894419306,0,below_st--below_nt--not_psfix,0
1974a7d0-9ecb-5a1c-b6be-297f4a96dab3,6b8a2934-6cac-5a74-9cd7-6ebc6529d761,05 Dilkesh-Kürdü,5 Audio Track,0.0004466943715631671,0.5125356125356124,0,below_st--below_nt--not_psfix,0
6e254e14-2c60-5b88-bee6-b44de72fa92f,622323c8-cc4e-5ccf-8095-63c32b8e6978,2. Track 2_Side B_Corrected,Markaz Swalihina_Qaswida 1_Side B_Corrected,0.10742142109358456,0.3760342442512985,0,below_st--below_nt--not_psfix,0
99373265-759b-5669-973d-e072068f8bf8,678fc915-0969-5ce9-8056-e9060544b954,04 Atouhabini_,4 Audio Track,0.001354620430345417,0.4157509157509157,0,below_st--below_nt--not_psfix,0
d206a1cc-26b7-5839-aa24-fe12eee36532,967a28a9-37d8-5687-aa5f-208e80439798,6 Audio Track,06 Track 06,0.006336720840640714,0.34411421911421913,0,below_st--below_nt--not_psfix,0
7f4e798b-eb0b-5d00-b13e-39ffcc88dd58,e8816da6-c2a0-5818-ae13-a36f4cabbbb0,Diamond Jubilee 1,Bombay Safari,0.21184045473519814,0.5062845651080945,0,below_st--below_nt--not_psfix,0
001d4b17-2b33-58aa-bf56-a498c6f47f5e,3ef20388-9983-5e3b-85fa-98f21df45c63,"2-20 Et Le Vin... - Ah, Si Seulement !",3-01 Lève-Toi Et Suis,0.2493660158576177,0.450786056049214,0,below_st--below_nt--not_psfix,0
53143508-6581-5090-9a65-b067317da6bb,f4776335-22c3-5a0f-bda4-5ed76355316d,T54AdiComp3Voc85bpm_stereo,T54AdiComp3Voc85bpm.L,0.0,0.07289377289377286,0,below_st--below_nt--not_psfix,0
b5739baa-b866-53d3-b894-902c79819ce6,7c1558be-841a-5d41-ab2d-39a197cd1311,01 Mugham Beste - Nigar (Chahargah),1 Audio Track,0.0006446838378855378,0.491941391941392,0,below_st--below_nt--not_psfix,0
b896fb90-8361-5602-82fd-66a27ebf2857,c837b928-cd6c-5bfe-9341-24ce16a33f4f,17 I Know It : Your Heart Is Full,17 I Know It _ Your Heart Is Full,0.00048216324796523935,0.012121212121212088,0,below_st--below_nt--not_psfix,0
31be70da-f028-5746-9df4-49594ee4e811,78d2bed2-d8b9-5c35-8674-b74eea7723cb,05 Ha Anatha,5 Audio Track,0.03164890616563515,0.4662393162393162,0,below_st--below_nt--not_psfix,0
9326fce9-32ad-5727-a16a-f1f9b915995e,a5de04d2-4463-5a96-b874-264b5076db0a,T43AdiComp2Voc105bpm_stereo,T43AdiComp2Voc105bpm.R,0.0,0.07003367003367,0,below_st--below_nt--not_psfix,0
9326fce9-32ad-5727-a16a-f1f9b915995e,20364be1-1f90-5491-be80-dd82bb31e445,T43AdiComp2Voc105bpm_stereo,T43AdiComp2Voc105bpm.L,0.0,0.07003367003367,0,below_st--below_nt--not_psfix,0
eea70904-a227-5329-88f6-2233ae432f49,f5fae66f-0f0b-50c5-ace5-a81ee193df51,04 Beirut,4 Audio Track,0.005310984782858318,0.4532763532763533,0,below_st--below_nt--not_psfix,0
51c2183d-f9ed-5726-842d-cfd69019e68f,1c521f2f-32e3-5c65-b4da-02d513782588,T134AdiComp5Kan70bpm.L,T134AdiComp5Kan70bpm.R,0.0,0.018181818181818188,0,below_st--below_nt--not_psfix,0
51c2183d-f9ed-5726-842d-cfd69019e68f,54661b19-2343-5c06-a6fc-bb5f697f41e1,T134AdiComp5Kan70bpm.L,T134AdiComp5Kan70bpm_stereo,0.0,0.07003367003367,0,below_st--below_nt--not_psfix,0
91aec56f-f13c-5b0b-9b30-ded3b3e8baa4,c4810e9d-ebca-51b7-9d95-00234b057533,5 Audio Track,05 Track 05,0.003198859072832113,0.34411421911421913,0,below_st--below_nt--not_psfix,0
63973f28-5ccb-5be0-83ee-3f73e062b8eb,3838b03b-88bc-5e4d-8fd4-3911006a91a8,T30AdiComp1Voc85bpm.L,T30AdiComp1Voc85bpm_stereo,0.0,0.07289377289377286,0,below_st--below_nt--not_psfix,0
63973f28-5ccb-5be0-83ee-3f73e062b8eb,02e88e90-0e03-5167-ba29-4133a965b960,T30AdiComp1Voc85bpm.L,T30AdiComp1Voc85bpm.R,0.0,0.01904761904761909,0,below_st--below_nt--not_psfix,0
be8e1c02-b99c-5868-bcbf-f0222f2d61ac,3b9b8b3c-ab2e-5d1b-8fca-3952634e3900,2 Audio Track,02 Bawaddak,0.002422738229052832,0.4536130536130536,0,below_st--below_nt--not_psfix,0
8bd6e844-e5d6-5fbd-abd7-67893028b695,5cfaaf2b-144e-5928-9819-d1ba192fa90c,13 Audio Track,13 Kasdoura,0.0005045216558009173,0.20738636363636365,0,below_st--below_nt--not_psfix,0
80a2b665-38f4-5f0a-97ce-bcd20498e60b,cf64724a-f862-5552-b1d0-1111df9738ab,3. Arebaba Pakistani_Side A,3. Are Baba Pakistani_Side A_Corrected,0.02069243739184061,0.1397960713750187,0,below_st--below_nt--not_psfix,0
02e88e90-0e03-5167-ba29-4133a965b960,3838b03b-88bc-5e4d-8fd4-3911006a91a8,T30AdiComp1Voc85bpm.R,T30AdiComp1Voc85bpm_stereo,0.0,0.07289377289377286,0,below_st--below_nt--not_psfix,0
9fee76e6-9cc8-57fd-b5d8-b00e73926e52,6171c670-b638-5575-b3f8-0338520ba30e,17 لايضيق صدرك,17 Audio Track,0.001395240843583991,0.4761904761904762,0,below_st--below_nt--not_psfix,0
ca5e05d6-0ff6-5a4a-93a9-edc48454a546,f4a51614-3054-54d1-a2af-ac8e09772e48,12 Track 12,12 Audio Track,0.00624414557205305,0.2035353535353536,0,below_st--below_nt--not_psfix,0
3b52db4c-beb6-543a-9252-a27d2f44b27c,9328b1c7-54e9-525a-8efd-2df88aae9f0a,43 Dastgah-e Homayun - Bakhtiari ba mo'alef,44 Dastgah-e Homayun - 'Ozzal,0.22180901666687108,0.17896070569366485,0,below_st--below_nt--not_psfix,0
6258ff5f-d3ef-567b-8419-8b719bf52685,3b3bd2ea-47a3-5ab8-a3f7-fece94216cf8,06 Track 06,6 Audio Track,0.07676041716741022,0.34411421911421913,0,below_st--below_nt--not_psfix,0
280609f1-c5d8-5f17-8f75-ff53acb82c73,b20cf753-8e4c-5e44-881f-73d2a0848b53,08 Be Not Proud Of Your Beauty; Are You Joseph Of Canaan_,10 I Have Come Into The World To Mend It,0.18860098332010555,0.4588011695906432,0,below_st--below_nt--not_psfix,0
d5a51a36-6f32-5494-b6cd-34111bb07af9,a68b486f-4848-5552-93f2-ade72fbce96e,03 Hijaz_ Ya fatin al-ghizlan_O bewitching fawn!,07 Bayati_ Kahhala al-sihru_Bewitching eyes,0.28686421053183203,0.3682631967515689,0,below_st--below_nt--not_psfix,0
5746f480-9d0a-52e6-9dfd-77e0c8e06675,07fab891-1e29-5672-948e-03096347135d,"2 'Alam Sîrî Bismi Llah al-rahmân:Marche, Ô Mariée, Au Nom De Dieu Le Miséricordieux","02 'Alam Sîrî Bismi Llah al-rahmân_Marche, Ô Mariée, Au Nom De Dieu Le Miséricordieux",0.0012775135805913446,0.011029711029710957,0,below_st--below_nt--not_psfix,0
73cf0d54-4f55-5091-a9fa-3f6f446de5b3,34cdf6b0-5f4d-5cda-b8df-05c60bfad02c,03 Yâ Wakfaton li_Oh Cette Scène Que J'ai Vécue,3 Yâ Wakfaton li:Oh Cette Scène Que J'ai Vécue,0.000583514653194443,0.02013605442176869,0,below_st--below_nt--not_psfix,0
75cf566f-63c2-55d4-b0f0-af8c1a50502e,bf651e74-3a89-5a07-a67f-9058c17f938e,10 Goul Rjeit Lei,10 Audio Track,0.00039111345269703053,0.457983193277311,0,below_st--below_nt--not_psfix,0
d4bf87e6-db70-5f18-9090-f0683960b5fe,f6a4cfbe-0c9f-5088-b274-af1fff3e6be6,12 جسر الصداقة,12 Audio Track,0.003176578060556636,0.4761904761904762,0,below_st--below_nt--not_psfix,0
b86a3f6d-320b-53fe-b158-485e86fd957b,23299eeb-2448-5d53-9ebe-1a61593a8024,1. Track 2_Cassette 26_Side B,2. Katu Sitobabaika_Cassette 26_Side B,0.00019514367720733933,0.3000120992135512,0,below_st--below_nt--not_psfix,0
a7f5f30d-ac88-51cc-bb20-a14c5ff18954,6c166f69-c83b-52cd-8d9e-87a5249e5bb7,6 Audio Track,06 Zour Maratan,7.864199877963373e-05,0.4268620268620268,0,below_st--below_nt--not_psfix,0
3dc17744-7f3f-5bea-bcbb-08eea40e554e,046224d1-7235-57b0-a4cb-2ff15e75191f,T132AdiComp5Voc105bpm.L,T132AdiComp5Voc105bpm_stereo,0.0,0.06739130434782603,0,below_st--below_nt--not_psfix,0
71621ebd-4462-5b7c-8c06-b457055b4bc9,a5adc555-bf90-513c-aae2-cc556289aef0,01 Yawmyat Rajoul Mahzoom,1 Audio Track,0.0009491758346131221,0.5384615384615385,0,below_st--below_nt--not_psfix,0
7144b86f-1c52-5e30-bdeb-4334138b199f,bcf3928d-ed6f-5c8f-852e-cb04a2d61587,03 Inta Wu Mareq,3 Audio Track,0.0031469200529771328,0.4711538461538462,0,below_st--below_nt--not_psfix,0
f0b552bb-25fd-55c7-a3cb-e5a6f0364e62,65f7b412-e11f-5f8f-ba1d-75c544c41ec6,05 بالله انام,5 Audio Track,0.011953700681277298,0.5128205128205128,0,below_st--below_nt--not_psfix,0
fec26c36-d081-5d83-a6d3-e65995a4867c,02394f85-5e0d-5a09-9111-e9480c5655b7,10 Audio Track,10 لا تحرق اعصابك,9.563884260922485e-05,0.4929971988795519,0,below_st--below_nt--not_psfix,0
123ef8e1-48ef-58b2-8217-cdb9e5ac302a,f79b3a0d-8611-5386-bd09-a3023915c14a,"02 Ya Rasul Allah, Pt. 1","2 Ya Rasul Allah, Pt. 1 [Kurdish Version]",0.0012501328088460313,0.160230352303523,0,below_st--below_nt--not_psfix,0
50e739d1-f0f5-562e-95e1-083589602e08,c6e0d421-2d8c-5d1c-a5ce-4b51809cd15a,T71AdiComp4Voc105bpm.R,T71AdiComp4Voc105bpm_stereo,0.0,0.07003367003367,0,below_st--below_nt--not_psfix,0
be891157-421c-5af7-9a76-4fa879687993,1d272aff-73b1-5bbf-85c4-69edbef332e5,5 Audio Track,05 Lao Lam Takouni Anti Fi Hayati,0.008179084570022371,0.4746179746179746,0,below_st--below_nt--not_psfix,0
4cc701f2-3c69-50cc-8448-720b12527103,49b45671-e4c1-58e4-a61b-7ca88c6cb6df,T27AdiComp1Mri105bpm_stereo,T27AdiComp1Mri105bpm.L,0.29783302048121124,0.07003367003367,0,below_st--below_nt--not_psfix,0
c31c3a9b-98c7-5cd5-8660-3600daa835ca,2ec4cb19-3720-5fe4-90a5-32ad77144990,16 Audio Track,16 Track 16,0.0017021929811130642,0.2035353535353536,0,below_st--below_nt--not_psfix,0
07c08bdb-12f2-5b9b-9b6e-c83786a4cfa1,c2c7f48f-7840-567c-8cf9-0967d69a1ac6,02 استغفر الله,2 Audio Track,0.001069260732301123,0.5183150183150182,0,below_st--below_nt--not_psfix,0
9a20d7e3-5e69-53d7-91b3-c6a43dd9d6af,3e78209b-7cc9-5123-b158-45a1dbe78f70,06 l'âme dansée,6 L'âme dansée,0.0002370029383530957,0.06004901960784315,0,below_st--below_nt--not_psfix,0
626e051f-e99c-5224-9963-d78c495e0629,4bbb50a8-f29e-5248-ab94-5aff33e8540b,8-13 Improvisation De Conclusion,"8-03 Improvisation Non Mesurée, Nay",0.10587929723157244,0.18888888888888888,0,below_st--below_nt--not_psfix,0
1c95971c-2a68-5f64-8cfe-881a7a432bca,83ee2bee-6c9b-539c-a7ef-9ec625b1ce5f,02 Takhi Jeth,2 Audio Track,0.003319821799181014,0.5102564102564102,0,below_st--below_nt--not_psfix,0
7f9fa08c-03e4-5ed4-aed0-de8fe70531d6,ea78197d-c508-5fd6-a5a9-989c303c3401,T55AdiComp3Voc105bpm.L,T55AdiComp3Voc105bpm_stereo,0.0,0.07003367003367,0,below_st--below_nt--not_psfix,0
85d1b2d8-0fef-5550-847e-06d7303d12a4,4cd3e99c-b393-5256-82fa-4d065e152fd9,14 D We_ Group Responsorial Improvisation With The Oud,15 D We_ Middle Natural Interval,0.0743811332456969,0.3657407407407408,0,below_st--below_nt--not_psfix,0
8035105e-0a1e-5ee2-a2ff-fc2300fa800b,76f866c4-a801-5429-9223-c668e30dc391,T56AdiComp3Kan70bpm.L,T56AdiComp3Kan70bpm.R,0.0,0.01904761904761909,0,below_st--below_nt--not_psfix,0
8035105e-0a1e-5ee2-a2ff-fc2300fa800b,eb0e6313-1ba2-5c8a-93d9-0e86a507dedc,T56AdiComp3Kan70bpm.L,T56AdiComp3Kan70bpm_stereo,0.0,0.07289377289377286,0,below_st--below_nt--not_psfix,0
7e4874ce-b902-5f55-813e-56b5e6e752d2,e1d4c9c0-fa7c-571a-b35b-6b2b06a1dc20,Masikini Mwanangu,Una Mitulinga,0.2501763144293661,0.4075749958102899,0,below_st--below_nt--not_psfix,0
6af28a55-ccbb-5ea8-a4ed-516c48d465c5,2f5ca949-5e9d-5a52-91df-3640923bdf60,10 Audio Track,10 Wadih,0.0014387276259455932,0.3392857142857143,0,below_st--below_nt--not_psfix,0
8822230d-02a0-5a5e-b50b-9d8eda2984b0,73f85b82-3add-5907-a6b9-d86b933b0a29,Teddy Kalanda Harison_Hakuna Matata_Side A_Corrected,Teddy Kalanda Harison_Hakuna Matata_Side A.,0.05231560406414322,0.04311270125223621,0,below_st--below_nt--not_psfix,0
d3ea863a-125f-5195-bb62-6bbc9a4afa51,d31aca7f-d914-5117-b1b6-1c7ff628e3d3,T82MisraComp1Voc210bpm.R,T82MisraComp1Voc210bpm.L,0.0,0.01666666666666661,0,below_st--below_nt--not_psfix,0
d3ea863a-125f-5195-bb62-6bbc9a4afa51,b13e60c8-be75-5572-9fa4-7f5db1b34b8e,T82MisraComp1Voc210bpm.R,T82MisraComp1Voc210bpm_stereo,0.0,0.06494252873563222,0,below_st--below_nt--not_psfix,0
69fa25d7-a3aa-5a8c-b449-eb096dca5f23,e6f787e5-216e-5e13-aea3-61a0db36f5ba,08 Al-Warda al-hamra_La Rose Rouge,8 Al-Warda al-hamra:La Rose Rouge,0.0005103146822702856,0.029708853238264887,0,below_st--below_nt--not_psfix,0
3a1f1d53-e20d-58dd-a652-b375a60ae78f,41171fae-a783-5c4a-92f3-a2c757048726,03 Track 03,3 Audio Track,0.003172626634737679,0.34411421911421913,0,below_st--below_nt--not_psfix,0
a3f6e345-61f5-5c52-a383-6fdf34645e79,97c5a95d-5dfa-58d9-8586-396d2e6fa91f,T51AdiComp3Mri105bpm_stereo,T51AdiComp3Mri105bpm.L,0.27438475591904243,0.07003367003367,0,below_st--below_nt--not_psfix,0
80f3637a-e379-5641-b60e-d82778b69c71,053bb747-6987-5204-bd0d-ee99db7ff8b3,01 Enta Omry,1-01 Untitled,0.01852145520763299,0.4662393162393162,0,below_st--below_nt--not_psfix,0
662b9223-2c11-5ced-be29-dbc59f30da62,1fd1ca27-9013-59ce-a6ea-d55c8f4dfd0e,T72AdiComp4Voc70bpm.R,T72AdiComp4Voc70bpm_stereo,0.0,0.07289377289377286,0,below_st--below_nt--not_psfix,0
3dbcb468-dfc9-5b36-955d-2d9fc403adcd,59be428b-c16b-53d5-b98f-9bc5b55e033f,10 Audio Track,10 Shou Ba'do Nater,0.0052200178086690965,0.4055973266499583,0,below_st--below_nt--not_psfix,0
af86c968-550a-542e-a497-a706e7acd503,f5b4a4cc-5127-5a1e-b0ba-3fdb4aa94ae6,T125MisraComp4Kan210bpm.R,T125MisraComp4Kan210bpm_stereo,0.0,0.06266666666666665,0,below_st--below_nt--not_psfix,0
7e2b5820-7b34-5252-b86e-85a6d6752b56,5b7fb2bc-4b15-54ae-b1e0-8b32c10783c0,5. Track 5_Cassette_6_Side B,5. Track 4_Cassette_6_Side B_Corrected,0.03369146153542226,0.06503759398496245,0,below_st--below_nt--not_psfix,0
a7c3b04d-a1fa-5139-9347-90a2398353f7,590af4b1-770e-5abf-8e8b-15843971965d,T91MisraComp2Voc160bpm.L,T91MisraComp2Voc160bpm_stereo,0.0,0.06494252873563222,0,below_st--below_nt--not_psfix,0
8883d205-6b8a-5d77-bc5f-c3e51258b9e3,da821b0c-0d01-5518-8fd5-3df3d8a2bd9f,15 Audio Track,15 Seta El Sobah,0.0002784467711012979,0.4543650793650794,0,below_st--below_nt--not_psfix,0
5b8ad18b-99e0-560f-8d08-e87242e6ebeb,ccbb8de2-4728-5fd9-88dd-b5a9517ba8d0,Mdomo Wake Sukari,Kula Mara,0.026489584125319588,0.5234204793028323,0,below_st--below_nt--not_psfix,0
3af95b04-fe90-5299-9677-6ef0f6702a72,02e7defe-7b31-5f1e-ae87-7370d9f80662,T128AdiComp5Mri105bpm_stereo,T128AdiComp5Mri105bpm.L,0.2717579340926005,0.06739130434782603,0,below_st--below_nt--not_psfix,0
cbd8e6f9-f971-53fa-858d-ca2146244cf5,0f51ad6b-cecf-510e-816d-d01a01bc54c5,02 Ayyu Shayyin Ara Wa-Asma'U Hamsa,01 Fertash,0.016655007142572845,0.4928571428571429,0,below_st--below_nt--not_psfix,0
b5234cfe-2c24-5a28-8534-9bfd579995b9,9ae8cf8f-d9ed-5cae-ae7c-b1837f414142,New Bahlo No. 4_New Bhalo No. 4_Side A_Corrected,New Bhalo No. 4_Side A,0.012586353581233988,0.14015151515151514,0,below_st--below_nt--not_psfix,0
3eb920eb-4298-50d9-9136-f0171416481e,c4f60fe0-ffe8-5cec-9034-66c7124cf405,1. Track 1_Cassette 59_Side A,1. Track 1_Cassette 59_Side B_Corrected,0.02333391511013034,0.06330680813439428,0,below_st--below_nt--not_psfix,0
eb33d77a-162a-5c77-9f1b-974bdcd28605,ac82bdfc-34bb-5e95-bc3e-38d8164a3e3d,4 Audio Track,04 Track 04,0.0009149410436784108,0.34411421911421913,0,below_st--below_nt--not_psfix,0
3af5840f-998a-5cac-8c70-99270ac17b4b,99b622e9-9203-5e1d-8b55-169dad36b923,19 لبى عيونك,19 Audio Track,0.0018871776204081347,0.4603174603174604,0,below_st--below_nt--not_psfix,0
1eda898e-4782-5834-b141-f21956450b0c,ea04843a-e326-50b9-86fa-36c4c5540093,"20 Wasla in al-Mustaqim_ Nay taqasim, quatrain number 232","07 Waslah in Rahat al Arwah_ Improvisation, quatrains 209, 295",0.2214197013299836,0.2692932004931058,0,below_st--below_nt--not_psfix,0
1af81d93-0697-54f6-af3e-436190f6e01a,bbf2da2e-2b41-51c2-bdc4-f3394ea7bdbf,2 Audio Track,02 Track 02,0.0034722044235674003,0.34411421911421913,0,below_st--below_nt--not_psfix,0
eb0e6313-1ba2-5c8a-93d9-0e86a507dedc,76f866c4-a801-5429-9223-c668e30dc391,T56AdiComp3Kan70bpm_stereo,T56AdiComp3Kan70bpm.R,0.0,0.07289377289377286,0,below_st--below_nt--not_psfix,0
9f9ab1d2-4b74-5522-9060-4b702df74859,29d5f821-c574-5bb3-9dd0-323bed1e5e51,T120MisraComp4Voc125bpm.R,T120MisraComp4Voc125bpm_stereo,0.0,0.06266666666666665,0,below_st--below_nt--not_psfix,0
704bf8b6-6521-50f8-b6c7-a02096e51bd1,db841bea-e711-5725-af73-4cb1b62d0310,03 Erdi Koududaha,3 Audio Track,0.0020289026048089178,0.3335009217362158,0,below_st--below_nt--not_psfix,0
d31aca7f-d914-5117-b1b6-1c7ff628e3d3,b13e60c8-be75-5572-9fa4-7f5db1b34b8e,T82MisraComp1Voc210bpm.L,T82MisraComp1Voc210bpm_stereo,0.0,0.06494252873563222,0,below_st--below_nt--not_psfix,0
2e9f7620-bb06-5787-a458-0342f8f94cc4,55f902da-f2e9-59ac-8449-a432de5cf788,7 Audio Track,07 Track 07,0.0017977709454151441,0.34411421911421913,0,below_st--below_nt--not_psfix,0
6e9c7e89-8978-59b2-9130-12311d4c9a68,84ee2bb0-59b0-5b2d-9bb5-d5b127cf9412,T39AdiComp2Mri105bpm_stereo,T39AdiComp2Mri105bpm.L,0.2811193630521097,0.07003367003367,0,below_st--below_nt--not_psfix,0
29093069-4d89-5982-aabf-c87de846c798,ed6a4596-e4bc-55b4-b652-418e33499fb9,T42AdiComp2Voc85bpm.R,T42AdiComp2Voc85bpm_stereo,0.0,0.07289377289377286,0,below_st--below_nt--not_psfix,0
b0d2e9ae-4fd9-535c-96e0-621a7bb05c6f,b61231dc-840f-5e51-86e4-3f72745eb52e,11 Manni 2elak,11 Audio Track,0.0008551731121358161,0.33333333333333337,0,below_st--below_nt--not_psfix,0
824d304b-608e-5cd1-b4fc-5b3023517d00,a71944eb-8484-5d55-a405-169e920d41ab,T129AdiComp5Voc70bpm_stereo,T129AdiComp5Voc70bpm.L,0.0,0.07003367003367,0,below_st--below_nt--not_psfix,0
7b7eb86d-13c6-532a-9ffb-e5b05376e2da,fb9705c9-8b5d-59ef-bc00-a55a7b451b9e,1 Audio Track,01 Aafny,0.0032769914791312537,0.4647435897435898,0,below_st--below_nt--not_psfix,0
57f0b456-2279-5927-bab2-7f89a62e4551,31ec6787-4ec0-555e-87dc-5bddf3c3defb,1. Track 1_Cassette 29_Side B__Corrected,2. Track 2_Cassette 29_Side B__Corrected,0.06735195322731606,0.07280701754385976,0,below_st--below_nt--not_psfix,0
6a1d0141-4cd4-5eea-8e94-c75b28ac6a94,610c5fb0-50b5-5194-a166-21c53e719400,3. Wali Na Nguru_Side A.,3. Wali Na Nguru_Side A_Corrected,0.043701359523088616,0.06893939393939398,0,below_st--below_nt--not_psfix,0
128955f6-f987-5cae-8f75-22c3e3ab4212,4123599d-d709-590d-a156-f5efb5d0f4f5,2 Audio Track,02 منهو سمحلك,0.0009119670218278847,0.5128205128205128,0,below_st--below_nt--not_psfix,0
42c0ca99-05ed-5e84-ad1c-2bf351aefef1,223e201f-7c66-5e63-bc16-d2ceb439416c,3 Audio Track,03 هــــــلاليه,0.004339825619103242,0.5709401709401709,0,below_st--below_nt--not_psfix,0
7a2e8bd0-a58c-5861-bfa6-3b31d441fd68,f87c34a9-6c2d-50d1-91f5-368003e6305e,8 Audio Track,08 Track 08,0.007846449312722456,0.34411421911421913,0,below_st--below_nt--not_psfix,0
202a6e15-dfc2-5195-b0c9-0df340564d67,816e26bd-1f6b-57d0-8bd9-f9c0d8bb0ac1,02 Risalat Hob Saghira,2 Audio Track,0.0024120955524459162,0.4774669774669774,0,below_st--below_nt--not_psfix,0
9a942018-f989-50f9-b849-8ba7c34713c2,54967b15-a499-5236-bbf6-704820905ff2,02 Mugham Qatar & Tesnif,2 Audio Track,0.00044780061617690197,0.4613858363858364,0,below_st--below_nt--not_psfix,0
c7c2ecc1-019e-5014-8ff9-1ffc37f77bf8,0406e9c7-715b-5071-9b71-44738cd6f62e,T116MisraComp3Kan210bpm.R,T116MisraComp3Kan210bpm_stereo,0.0,0.06266666666666665,0,below_st--below_nt--not_psfix,0
4e89bd01-fe17-5b0e-9635-89372c317375,0c7e84a9-5dc7-56b4-84bc-41f787091898,3. Mashaallah Kapambika_Cassette 26_Side B,Cassette 26_Side B,4.3596228073793215,0.6243386243386244,1,above_st--above_nt--psfix,0
b4332915-322e-5dfb-b555-2aaecbebe8d3,0aeebfa4-fade-563c-b69f-9c95e2e81936,T77MisraComp1Mri125bpm_stereo,T77MisraComp1Mri125bpm.R,0.2915613434944735,0.06494252873563222,0,below_st--below_nt--not_psfix,0
1a83614e-d272-580b-a232-5c5970087ae3,dce96d60-d70a-55c2-badf-20be23e3a63d,6. Moyo Wa kuioza Nmurumu_Mwanzele (Bin Hare)_Unknown Artist_Side B__Corrected,Moyo Wa kuioza Nmurumu_Mwanzele (Bin Hare)_Unknown Artist_Side B,0.003068847489338023,0.22389155982905995,0,below_st--below_nt--not_psfix,0
ce845475-c5de-565d-8a2b-665eff084f9d,75865764-52c5-531f-829a-cd0cb4cdfc82,"2. Najuta Kumpenda M""_Side B""","2. Najuta Kumpenda M""_Side B_Corrected""",3.3612792111219325e-05,0.05128205128205132,0,below_st--below_nt--not_psfix,0
fe288af6-00ce-52ba-9bf5-78a432e4c27a,a6afbfd9-4f43-58a7-a9c9-bda9df38908b,4 Audio Track,04 Khallah,0.0007161986176293486,0.4897435897435898,0,below_st--below_nt--not_psfix,0
886cdf39-4a17-5bea-9b95-7d10b60dfa6c,227ee10e-8400-5f29-a5e6-7c29b0b16583,3 Audio Track,03 Mugham Shahnaz & Tesnif,0.006591549621495232,0.5192307692307692,0,below_st--below_nt--not_psfix,0
e97c65b2-e2d1-5d05-a50a-1f50116e8623,9e03a1ad-0b4e-53c2-b63e-ec0476d2496f,T90MisraComp2Voc125bpm.L,T90MisraComp2Voc125bpm_stereo,0.0,0.06494252873563222,0,below_st--below_nt--not_psfix,0
0ed16441-661b-5ba1-ab5f-39c3296982c2,c0e6012f-e9a6-506c-b035-b0068baacec6,1 Audio Track,01 Habaytak,0.002260001289774225,0.4428904428904429,0,below_st--below_nt--not_psfix,0
c9d35919-b5a8-54fe-b6f1-321656c1016e,5549d642-a1f0-5400-8cdb-13c17eff8801,03 Lughaat Al'aalam,3 Audio Track,0.0008548327176057537,0.5174089068825911,0,below_st--below_nt--not_psfix,0
4f7fadf4-ca97-57d8-9ac7-b4744419d6eb,cd877740-850d-53c5-a5db-9390156de6f3,11 Bahebik Wahshtini,11 Audio Track,0.0013226001579036465,0.4785714285714285,0,below_st--below_nt--not_psfix,0
53646b5d-4a3f-5451-9b3b-68728921a19e,0b768fb8-33ae-5d39-88ea-fcd2b93108ca,8 Audio Track,08 يارفيقي,0.0045623843087754575,0.5487179487179488,0,below_st--below_nt--not_psfix,0
0c06aaca-a775-5b2d-abe5-f603d42c97bd,98f8f347-b1b2-5c01-96b3-505aecf4fd62,3 Audio Track,03 امي,0.0007817058425319254,0.5042735042735043,0,below_st--below_nt--not_psfix,0
4a5c89bd-674f-5081-8240-cbb2ff27b5fd,948e13f2-d7e9-570b-8d07-0161c5c0dab1,3 Audio Track,03 Min Jabarkum,0.0003241370511817627,0.3792429792429792,0,below_st--below_nt--not_psfix,0
3aa8bed9-8af3-5b71-99b2-07f271c60fca,ae160ebf-302e-555e-aabb-0a4fac08df0d,04 Track 04,4 Audio Track,0.0015851708153869415,0.34411421911421913,0,below_st--below_nt--not_psfix,0
00a6026e-9f21-5f91-b567-b4b9423af896,8e8c7d49-ec18-5856-95c3-ac8509d59367,22 طيبة القلب,22 Audio Track,0.002397415837847741,0.4688644688644689,0,below_st--below_nt--not_psfix,0
85e44eaf-cd5a-5e53-934c-17bb18a6ca6c,7f660efc-bda9-533a-a346-6eae63e79689,T79MisraComp1Mri210bpm_stereo,T79MisraComp1Mri210bpm.R,0.2885969031239969,0.06494252873563222,0,below_st--below_nt--not_psfix,0
aca14546-7d2f-5f83-9cf6-57f1b7c2f8f9,a8f504af-aa3d-5a8c-ac96-06345fb786aa,13-05 C'est Comme Si Midi Était La Nuit,"04 Jamaiz on ne vit de beaute pareille, meme ches le Shammar",0.05258180089610937,0.5126262626262625,0,below_st--below_nt--not_psfix,0
d61dc3b4-84f2-5e78-a61d-8d06c38abe3a,9fb70ac3-5e32-534d-98bf-7e48ec02abcf,8 Audio Track,08 هـــــات من الاخر,0.002017192183037848,0.5397435897435898,0,below_st--below_nt--not_psfix,0
571e3b9f-e148-5bc6-b3b4-73c21c85280b,17733f4a-5a32-5b55-8e35-cdca29a88f6f,1. Kasa Lanhu_Side A_Corrected,Zein Musical Party_Vol 10_Side A_Corrected,0.20950850694769832,0.36230158730158735,0,below_st--below_nt--not_psfix,0
ba2bd7e1-c4df-53aa-8851-1edc0400fefe,264c7086-d9b9-5aab-bfc3-0535889a60eb,01 Sehert Alail,02 D'ane Al Shoug,0.2470829600982153,0.4929038281979458,0,below_st--below_nt--not_psfix,0
75f60716-f480-50ed-a0da-766503231e68,cca2ea80-f03f-59df-933f-dfae8ceff99b,Kamwana Kiteme_Kathukuni 2000 Vol. Two_Side_B,Kamwana Kiteme_Kathukuni 2000 Vol. Two_Side_A_Corrected,0.0016490791120724706,0.0444444444444444,0,below_st--below_nt--not_psfix,0
8b13616f-b38b-5164-898c-6efcc0a87517,eb89552d-c2fe-5020-afb5-8c2657276e20,T100Metro,T104Metro,0.18739653706189305,0.051851851851851816,0,below_st--below_nt--not_psfix,0
58123152-769b-576b-8bb9-0ccc4b8f1abe,3208ec2a-3f5d-5d1f-bf65-a60b5456725f,03 Ya Hawakum,3 Audio Track,0.0016562113453708815,0.41025641025641024,0,below_st--below_nt--not_psfix,0
2e760707-9635-5e10-a4b2-efe51f8952a6,61c8f9a5-6fe3-5996-97ca-6809e9319558,1. Track 1_Cassette 26_Side B,1. Katoka Bomu_Cassette 26_Side B,0.0010036135430170838,0.12608289794496694,0,below_st--below_nt--not_psfix,0
fb78e969-12ca-5623-9013-e71c934b7177,763d35b5-a823-5dc1-b1f6-f7ea39280f9c,3 El Camino a Shaqlawa. The Path to Shaqlawa,03 El Camino A Shaqlawa,0.06606759277491206,0.2746565029173725,0,below_st--below_nt--not_psfix,0
f959da61-877f-5c6e-b6b7-b50d72ca810f,606915f9-aebf-53ea-b429-c77c5ff3e845,5 Audio Track,05 A'la Jisr Il Iousieh,0.0009099853435440046,0.4571587832457398,0,below_st--below_nt--not_psfix,0
87eb0dab-7c81-5fe0-be54-29dc11bd757c,ae823817-328d-5e1a-a38c-d4faa2e3a2c1,01 Viaje De Las Almas,1 Viaje de las Almas. Travelling Souls,0.004966221620159862,0.2693539404065719,0,below_st--below_nt--not_psfix,0
55557368-f79f-55b0-a3cc-4615946be4c9,6f8deabe-75c3-5f61-a7be-c1468a378730,4 La Sabiduría de mi Abuelo. My Grandfather's Wisdom,04 La Sabiduría De Mi Abuelo,0.00216763437974602,0.2420660738812983,0,below_st--below_nt--not_psfix,0
6384d6c6-bbd1-5369-8f7a-4d100c0d4647,b0a47cc3-91a0-5fac-8216-4a45c69da88b,9-08 Suite,2-08 Suite,0.21260902130074494,0.06666666666666676,0,below_st--below_nt--not_psfix,0
6d0c363b-0db2-5d07-8f88-8b6ab3c88890,1e3f6125-7b63-5e94-bc93-dbe852615391,10 Edhak,10 Audio Track,0.00469222029801872,0.19166666666666665,0,below_st--below_nt--not_psfix,0
f4fb3580-d5ca-5f73-9da5-fe5747a635ea,9f0450e6-a9de-543c-a964-1bb61fd7fa0a,T123MisraComp4Kan125bpm.L,T123MisraComp4Kan125bpm.R,0.0,0.016000000000000014,0,below_st--below_nt--not_psfix,0
21094b5c-55dd-5fa2-9b70-4e3aba7b27c6,fa2c4abd-acbf-52b0-888f-455b8f568baa,7 Audio Track,07 Taqassim Qanun_Ya Bayli Ya Boylali,0.0003507149454506788,0.5431640431640432,0,below_st--below_nt--not_psfix,0
20364be1-1f90-5491-be80-dd82bb31e445,a5de04d2-4463-5a96-b874-264b5076db0a,T43AdiComp2Voc105bpm.L,T43AdiComp2Voc105bpm.R,0.0,0.018181818181818188,0,below_st--below_nt--not_psfix,0
9605feb3-a299-58ad-889b-b05450106e12,24c598b7-44d2-5918-84a7-0abc94354c4f,05 Marco Slow,5 Audio Track,0.001851413712806661,0.4700854700854701,0,below_st--below_nt--not_psfix,0
3d2d6628-daa4-5c46-93de-b224226e408c,44e942f6-ac46-5291-b947-de3efc93a87d,4 Audio Track,04 Snjarjio Yawman,0.0008000321489737005,0.4765974765974765,0,below_st--below_nt--not_psfix,0
b6aa9ba4-a9f1-5bb9-ba77-25d019986159,ff403043-ef12-59ab-94b2-22efb892456c,T105bMetro,T101Metro,0.06047738032458844,0.07259259259259254,0,below_st--below_nt--not_psfix,0
5f577a71-bd08-5b7b-837d-4459cfd31be2,9da57e72-d102-5dca-80ef-cc6e5a750c6e,01 Track 01,1 Audio Track,0.005220577668076177,0.34411421911421913,0,below_st--below_nt--not_psfix,0
2500d00d-0d7f-525b-b70f-bb4f7143282a,a02bbe98-0383-521a-a1fe-4fcea8f09ff0,2. Wanilaumu kwa nini_Eid-El-Fitry Show 2002 Vol. Two_Side A_Corrected,2. Wanilaumu Kwa Nini_Eid-El-Fitry Show 2002 Vol. Two_Side A,0.019098312010888,0.044400656814449935,0,below_st--below_nt--not_psfix,0
cf566b65-c37b-54a6-b07b-42b54b00ed2d,4cdbf360-0e61-50c7-a9ab-0c8d1ce52ad1,02 Yahoo!,2 Audio Track,0.0006200496757040652,0.4786324786324786,0,below_st--below_nt--not_psfix,0
d7767932-f3ca-5758-8e5e-f355fa22308e,223f85f2-cfcb-5cf7-96f8-5ab581c04b15,04 Mouachah _Min Yum Habbeit_,"4 Mouachah Min Yum Habbeit""""",0.00010412097216060572,0.05829228243021356,0,below_st--below_nt--not_psfix,0
1c521f2f-32e3-5c65-b4da-02d513782588,54661b19-2343-5c06-a6fc-bb5f697f41e1,T134AdiComp5Kan70bpm.R,T134AdiComp5Kan70bpm_stereo,0.0,0.07003367003367,0,below_st--below_nt--not_psfix,0
8425c11a-565f-5816-bf69-4028d38ee2a0,7e67846f-1b2e-5da9-954e-06685ae64d94,01 Al Amal,01 El Amal,0.21971675922866046,0.0855555555555556,0,below_st--below_nt--not_psfix,0
bc625cd6-9692-56a9-bd22-4c3fde58038c,912a5e8b-e4d4-5eff-838a-d7bb9ac4a04e,T81MisraComp1Voc160bpm_stereo,T81MisraComp1Voc160bpm.R,0.0,0.06494252873563222,0,below_st--below_nt--not_psfix,0
beadc88e-f502-5234-b8eb-9b5f75980de3,ba304a4d-9331-52a3-881d-23ad8bf8b92e,11 Audio Track,11 Fakihat Al Hob,7.033954204459e-05,0.4894957983193278,0,below_st--below_nt--not_psfix,0
3b3ff5a1-c957-548a-aa23-f4db39406cdc,0614a129-59bc-5d7d-bb12-79dbd5bf741a,"17-09 Ô Lui Qui M'a Rejeté - Taille Élancée, Il N'y A Pas Plus Beau",6-10 Danse Des Princesses,0.008949356666187128,0.5452246814218646,0,below_st--below_nt--not_psfix,0
a7253eb4-bf97-5e5c-a208-3b6cb258f63d,83647017-8704-5b5a-bbd0-2c14a0bab965,Kwa Mtwana and Gonga,Aupo Tena and Tucheze Ponda,0.0182952260453013,0.4081369248035914,0,below_st--below_nt--not_psfix,0
2bbdf8a7-165e-535b-a07f-c625ca809c7d,d385548d-25ad-5e1d-9c88-aa4c8f4915d2,8 Audio Track,08 Hanna al-Sikran,0.02901408886938845,0.4527879527879528,0,below_st--below_nt--not_psfix,0
fdb5ba2d-b782-5c26-9274-58168aa72605,0c11fe99-5ffa-5bf0-a00b-62bf5a29f85a,T110MisraComp3Mri210bpm.L,T110MisraComp3Mri210bpm_stereo,0.29837220799952524,0.06266666666666665,0,below_st--below_nt--not_psfix,0
3637513d-6000-5822-9d7c-6196ddd96975,e6b9cf69-14bd-502e-97b4-2eaaccd806b6,12 Audio Track,12 Lyali Lobnan,0.0007651107408756409,0.41587301587301584,0,below_st--below_nt--not_psfix,0
33759433-c959-5aca-9284-1131a97e01a6,330e0077-4c99-54b8-a725-cdd0f8022935,03 Sihar,3 Audio Track,0.0006934884616071821,0.39679487179487183,0,below_st--below_nt--not_psfix,0
c403e31a-bd03-56c6-9219-0c0d5da3af53,692b7f64-80d9-5227-a1a6-af5d19016dbf,05 Track 05,5 Audio Track,0.006641485510957941,0.34411421911421913,0,below_st--below_nt--not_psfix,0
04a4ef72-e5ea-5d02-92d2-c037f771ccd6,f95350ac-3d1b-524e-9833-6ea1f33f77f0,04 B-Oulou Tays,4 Audio Track,0.0016946599397862686,0.3316239316239317,0,below_st--below_nt--not_psfix,0
dba30689-962c-52f2-a748-ba389d70be59,18ff3107-68be-5852-bdd4-df528ae8f5ee,07 Shounoun Saghira,7 Audio Track,0.01468104716359806,0.4596105648737229,0,below_st--below_nt--not_psfix,0
93cb83d7-6688-5c48-8214-d385305ec556,50e6f535-33d6-58e2-9ba0-246e89e36ec1,5 Audio Track,05 ولي يخليك,0.0018879321779066282,0.5064102564102564,0,below_st--below_nt--not_psfix,0
e4ba34fa-dbe0-572c-9554-29e3234fe854,06a9d03e-51e4-568a-b6f0-d0b7b59be216,14 Audio Track,14 دواك عندي,0.0005518965261928668,0.4603174603174604,0,below_st--below_nt--not_psfix,0
7e9afa24-1e17-54d5-9485-140af60cf02e,4bdf1df1-d073-588d-871c-d951358ecd12,01 Aghadan Alkak,01 El Hob Kolloh,0.0,0.4583333333333334,0,below_st--below_nt--not_psfix,0
34586055-0357-594e-b8af-98299df8ca4a,2518ab0e-094c-588b-91a8-1d6f1175cc98,07 Habbaytek Wu Bhibek,7 Audio Track,0.0005281943948569023,0.5627039627039627,0,below_st--below_nt--not_psfix,0
c5c26dce-cfb4-570b-8cac-a7c45a914391,9dc87f48-b618-5765-8db6-bf53629d6623,3 Audio Track,03 Track 03,0.0015396997263170465,0.34411421911421913,0,below_st--below_nt--not_psfix,0
b6f02f6c-7ece-5046-89fa-e52e390b421c,7b729ee9-39e0-534d-9212-69322a80f55b,T139Metro,T140Metro,0.043498405975126,0.11851851851851858,0,below_st--below_nt--not_psfix,0
baa5668f-14f5-518d-b91e-6f3c0a12f5b3,98812ea7-ca9a-5a24-afe0-3959b44ee6ff,16 Avaz-e Bayat-e Eshfehan - Bayat-e rajeh ''va forud'',34 Dastgah-e Mahur - Safir-e Rak,0.18595536903961812,0.4481060606060606,0,below_st--below_nt--not_psfix,0
57a7b97a-9df4-5722-b13c-5fe439e7cbf1,356b4bdb-6a1c-5608-8d3a-3f1b08f0ef8f,16 اهــل نجد,16 Audio Track,0.0006195448877938606,0.4603174603174604,0,below_st--below_nt--not_psfix,0
f8366f50-2da4-5b56-8c12-d87fd7df5cfa,154751a8-343d-5daf-ac66-df822529a90c,15 Mast Qalandar Featuring Rahat Fateh Ali Khan [Bonus Track],15 Mast Qalandar (Bonus Track),0.0020204848002216887,0.33230667329027985,0,below_st--below_nt--not_psfix,0
